-- phpMyAdmin SQL Dump
-- version 4.9.1
-- https://www.phpmyadmin.net/
--
-- Хост: localhost
-- Время создания: Мар 28 2021 г., 18:12
-- Версия сервера: 10.4.6-MariaDB
-- Версия PHP: 7.4.3

SET SQL_MODE = "NO_AUTO_VALUE_ON_ZERO";
SET AUTOCOMMIT = 0;
START TRANSACTION;
SET time_zone = "+00:00";


/*!40101 SET @OLD_CHARACTER_SET_CLIENT=@@CHARACTER_SET_CLIENT */;
/*!40101 SET @OLD_CHARACTER_SET_RESULTS=@@CHARACTER_SET_RESULTS */;
/*!40101 SET @OLD_COLLATION_CONNECTION=@@COLLATION_CONNECTION */;
/*!40101 SET NAMES utf8mb4 */;

--
-- База данных: `stock`
--

-- --------------------------------------------------------

--
-- Структура таблицы `invoices`
--

CREATE TABLE `invoices` (
  `id` int(11) NOT NULL,
  `order_id` int(11) NOT NULL,
  `paid` tinyint(1) NOT NULL DEFAULT 0
) ENGINE=InnoDB DEFAULT CHARSET=utf8mb4;

--
-- Дамп данных таблицы `invoices`
--

INSERT INTO `invoices` (`id`, `order_id`, `paid`) VALUES
(1, 1, 1),
(2, 2, 0),
(3, 3, 1),
(4, 4, 1),
(5, 5, 0),
(6, 6, 1),
(7, 7, 0),
(8, 8, 1),
(9, 9, 0),
(10, 10, 1),
(11, 11, 1),
(12, 12, 1),
(13, 13, 1),
(14, 14, 1),
(15, 15, 1),
(16, 16, 1),
(17, 17, 1),
(18, 18, 1),
(19, 19, 1),
(20, 20, 1),
(21, 21, 1),
(22, 22, 0),
(23, 23, 1),
(24, 24, 1),
(25, 25, 1),
(26, 26, 1),
(27, 27, 1),
(28, 28, 1),
(29, 29, 0),
(30, 30, 1),
(31, 31, 1),
(32, 32, 1),
(33, 33, 0),
(34, 34, 1),
(35, 35, 1),
(36, 36, 1),
(37, 37, 1),
(38, 38, 1),
(39, 39, 1),
(40, 40, 1),
(41, 41, 1),
(42, 42, 0),
(43, 43, 1),
(44, 44, 1),
(45, 45, 1),
(46, 46, 1),
(47, 47, 1),
(48, 48, 1),
(49, 49, 1),
(50, 50, 1),
(51, 51, 0),
(52, 52, 1),
(53, 53, 0),
(54, 54, 0),
(55, 55, 1),
(56, 56, 1),
(57, 57, 1),
(58, 58, 0),
(59, 59, 1),
(60, 60, 0),
(61, 61, 1),
(62, 62, 1),
(63, 63, 1),
(64, 64, 1),
(65, 65, 1),
(66, 66, 1),
(67, 67, 0),
(68, 68, 1),
(69, 69, 1),
(70, 70, 1),
(71, 71, 1),
(72, 72, 1),
(73, 73, 1),
(74, 74, 0),
(75, 75, 1),
(76, 76, 1),
(77, 77, 0),
(78, 78, 1),
(79, 79, 1),
(80, 80, 1),
(81, 81, 1),
(82, 82, 1),
(83, 83, 1),
(84, 84, 0),
(85, 85, 1),
(86, 86, 1),
(87, 87, 1),
(88, 88, 1),
(89, 89, 1),
(90, 90, 1),
(91, 91, 1),
(92, 92, 1),
(93, 93, 1),
(94, 94, 1),
(95, 95, 0),
(96, 96, 1),
(97, 97, 1),
(98, 98, 1),
(99, 99, 1),
(100, 100, 1);

-- --------------------------------------------------------

--
-- Структура таблицы `orders`
--

CREATE TABLE `orders` (
  `id` int(11) NOT NULL,
  `uid` varchar(50) NOT NULL,
  `product_id` int(11) NOT NULL,
  `sum` int(11) NOT NULL
) ENGINE=InnoDB DEFAULT CHARSET=utf8mb4;

--
-- Дамп данных таблицы `orders`
--

INSERT INTO `orders` (`id`, `uid`, `product_id`, `sum`) VALUES
(1, '28-9814187', 929, 67000),
(2, '26-2891687', 288, 94000),
(3, '17-3754188', 862, 71000),
(4, '47-0393516', 773, 64000),
(5, '38-8033191', 637, 25000),
(6, '23-0333172', 500, 71000),
(7, '55-2860503', 738, 77000),
(8, '23-0648199', 867, 93000),
(9, '70-1091295', 96, 90000),
(10, '76-4890662', 8, 40000),
(11, '01-9616855', 3, 16000),
(12, '11-7118672', 709, 39000),
(13, '01-6947657', 62, 50000),
(14, '25-0249267', 733, 42000),
(15, '63-8171817', 92, 22000),
(16, '96-9911602', 209, 74000),
(17, '66-9875382', 726, 35000),
(18, '80-1962897', 612, 94000),
(19, '95-2908146', 303, 10000),
(20, '59-3516038', 924, 63000),
(21, '87-2826770', 536, 14000),
(22, '99-2865374', 581, 11000),
(23, '52-7474237', 761, 97000),
(24, '94-8063837', 236, 95000),
(25, '01-0318510', 367, 61000),
(26, '13-6561892', 358, 46000),
(27, '69-6657273', 143, 67000),
(28, '32-4202539', 381, 66000),
(29, '73-6279771', 333, 91000),
(30, '54-1783940', 958, 77000),
(31, '46-0365240', 138, 89000),
(32, '28-6438907', 728, 10000),
(33, '37-5897129', 4, 87000),
(34, '42-5781525', 815, 11000),
(35, '66-3918318', 185, 54000),
(36, '92-1589933', 305, 19000),
(37, '86-1864742', 744, 38000),
(38, '96-5743553', 821, 13000),
(39, '46-9561560', 704, 48000),
(40, '08-7044114', 911, 34000),
(41, '13-7292493', 775, 68000),
(42, '84-6925355', 114, 25000),
(43, '53-4236161', 65, 92000),
(44, '25-8865523', 227, 96000),
(45, '59-1292520', 669, 98000),
(46, '46-6648495', 622, 89000),
(47, '22-8865522', 93, 30000),
(48, '69-1063258', 566, 90000),
(49, '14-3061267', 134, 18000),
(50, '14-0822283', 545, 25000),
(51, '24-4906283', 943, 11000),
(52, '14-7703587', 108, 63000),
(53, '78-9096718', 736, 18000),
(54, '79-3654870', 347, 28000),
(55, '97-4915126', 411, 56000),
(56, '64-8174320', 942, 73000),
(57, '84-6122340', 281, 48000),
(58, '43-7421753', 969, 58000),
(59, '74-7301931', 100, 61000),
(60, '53-1792709', 873, 28000),
(61, '16-5795714', 597, 40000),
(62, '13-9091181', 367, 92000),
(63, '15-2076343', 835, 69000),
(64, '04-0975246', 759, 15000),
(65, '97-8694411', 784, 90000),
(66, '75-5269934', 348, 17000),
(67, '78-3497151', 564, 82000),
(68, '22-2897374', 507, 89000),
(69, '21-8880800', 937, 22000),
(70, '52-2481684', 486, 48000),
(71, '47-0152985', 967, 25000),
(72, '82-7147619', 303, 54000),
(73, '72-3050015', 731, 74000),
(74, '56-7046935', 468, 84000),
(75, '27-5656728', 552, 26000),
(76, '89-4352114', 809, 46000),
(77, '85-7363548', 512, 90000),
(78, '10-5521896', 403, 33000),
(79, '10-4900130', 450, 100000),
(80, '42-1674775', 520, 32000),
(81, '04-7550287', 142, 75000),
(82, '94-2263740', 343, 30000),
(83, '27-4735274', 398, 46000),
(84, '17-5725524', 835, 21000),
(85, '58-5879817', 828, 43000),
(86, '07-2275417', 293, 38000),
(87, '13-4096103', 242, 15000),
(88, '98-1214992', 219, 23000),
(89, '23-5276099', 891, 76000),
(90, '48-0899769', 474, 72000),
(91, '20-8309507', 194, 51000),
(92, '12-3972606', 733, 13000),
(93, '64-1537359', 301, 85000),
(94, '98-0713145', 116, 36000),
(95, '56-9070428', 244, 39000),
(96, '43-0526468', 191, 73000),
(97, '80-4169336', 1, 81000),
(98, '09-5666128', 533, 63000),
(99, '33-8579093', 317, 84000),
(100, '93-8090995', 566, 36000);

-- --------------------------------------------------------

--
-- Структура таблицы `partners`
--

CREATE TABLE `partners` (
  `id` int(11) NOT NULL,
  `country` varchar(50) NOT NULL,
  `name` varchar(50) NOT NULL,
  `city` varchar(50) NOT NULL,
  `address` varchar(50) NOT NULL
) ENGINE=InnoDB DEFAULT CHARSET=utf8mb4;

--
-- Дамп данных таблицы `partners`
--

INSERT INTO `partners` (`id`, `country`, `name`, `city`, `address`) VALUES
(1, 'Mongolia', 'NYSE', 'Choibalsan', '5775 Lien Park'),
(2, 'Argentina', 'NASDAQ', 'La Quiaca', '3 Heath Crossing'),
(3, 'South Africa', 'NYSE', 'Kakamas', '2 Maple Wood Crossing'),
(4, 'China', 'NASDAQ', 'Sujiatuo', '111 Redwing Way'),
(5, 'China', 'NYSE', 'Binglincha', '99 Macpherson Junction'),
(6, 'Portugal', 'NYSE', 'Oleiros', '30 Ronald Regan Court'),
(7, 'China', 'NYSE', 'Liuzikou', '5942 Warrior Avenue'),
(8, 'Armenia', 'NASDAQ', 'Norabats’', '5985 Gulseth Park'),
(9, 'Indonesia', 'NASDAQ', 'Oemanu', '9548 Helena Court'),
(10, 'Japan', 'NYSE', 'Bibai', '3806 Bartillon Way'),
(11, 'Vietnam', 'NYSE', 'Đồi Ngô', '9 Magdeline Crossing'),
(12, 'Indonesia', 'NYSE', 'Mulandoro', '36973 Brown Place'),
(13, 'France', 'NYSE', 'Mantes-la-Jolie', '89343 Stuart Center'),
(14, 'France', 'NYSE', 'Alfortville', '7199 3rd Trail'),
(15, 'Peru', 'NYSE', 'Catache', '96693 Oxford Drive'),
(16, 'Poland', 'NYSE', 'Gózd', '58 Judy Way'),
(17, 'Japan', 'NYSE', 'Nakatsugawa', '81198 New Castle Drive'),
(18, 'Lebanon', 'NASDAQ', 'Djounie', '727 Reinke Pass'),
(19, 'Ukraine', 'NASDAQ', 'Budy', '5 Meadow Vale Street'),
(20, 'China', 'NASDAQ', 'Ruilin', '61326 Swallow Hill'),
(21, 'Portugal', 'NASDAQ', 'Mirões', '63 Emmet Plaza'),
(22, 'Russia', 'NASDAQ', 'Tarasovskiy', '6 Manitowish Place'),
(23, 'Palestinian Territory', 'NASDAQ', 'Şānūr', '73688 Welch Point'),
(24, 'China', 'NASDAQ', 'Xiguantun Muguzu Manzuxiang', '6 Ridgeview Court'),
(25, 'China', 'NYSE', 'Tuojiang', '076 Rockefeller Pass'),
(26, 'Malaysia', 'NASDAQ', 'Klang', '7 Village Green Court'),
(27, 'Indonesia', 'NYSE', 'Kadugadung', '6 Stoughton Park'),
(28, 'Russia', 'NYSE', 'Burtunay', '41274 Center Plaza'),
(29, 'Panama', 'NYSE', 'Guabito', '55 Algoma Alley'),
(30, 'Indonesia', 'NASDAQ', 'Ombarade', '86 Myrtle Lane'),
(31, 'Russia', 'NASDAQ', 'Zheshart', '4 Barnett Center'),
(32, 'Indonesia', 'NASDAQ', 'Sulo', '08492 Hauk Point'),
(33, 'Philippines', 'NYSE', 'Haguimit', '281 Vermont Point'),
(34, 'Mongolia', 'NASDAQ', 'Bodĭ', '6867 Donald Court'),
(35, 'Brazil', 'NASDAQ', 'São Francisco do Conde', '55 Warbler Plaza'),
(36, 'China', 'NASDAQ', 'Gaide', '5493 Emmet Pass'),
(37, 'China', 'NYSE', 'Zhongxinqiao', '7369 Fulton Junction'),
(38, 'China', 'NYSE', 'Yuecheng', '1958 Sunnyside Circle'),
(39, 'China', 'NASDAQ', 'Loujiadian', '4534 Algoma Trail'),
(40, 'Uganda', 'NASDAQ', 'Wakiso', '9255 Arkansas Alley'),
(41, 'Philippines', 'NYSE', 'Butuan', '8528 Garrison Center'),
(42, 'Philippines', 'NYSE', 'Ginatilan', '54 Myrtle Circle'),
(43, 'Armenia', 'NYSE', 'Nor Yerznka', '2 Dahle Street'),
(44, 'Brazil', 'NASDAQ', 'Pinheiro Machado', '5 Cordelia Center'),
(45, 'Iraq', 'NASDAQ', 'Erbil', '29 Cottonwood Park'),
(46, 'Peru', 'NYSE', 'Nicasio', '24995 Cody Trail'),
(47, 'Russia', 'NYSE', 'Novozavedennoye', '60402 Maple Wood Drive'),
(48, 'Philippines', 'NASDAQ', 'Tabonoc', '01 Jackson Circle'),
(49, 'Indonesia', 'NASDAQ', 'Tegalwero', '5337 Lerdahl Road'),
(50, 'Czech Republic', 'NASDAQ', 'Hrotovice', '66146 Mayfield Lane'),
(51, 'Sweden', 'NYSE', 'Luleå', '63454 Manley Park'),
(52, 'Libya', 'NYSE', 'Tarhuna', '2 Kim Park'),
(53, 'Thailand', 'NASDAQ', 'Saraburi', '857 Golf Course Point'),
(54, 'Faroe Islands', 'NYSE', 'Sandur', '00 Evergreen Hill'),
(55, 'Brazil', 'NASDAQ', 'Irati', '1 Bluestem Way'),
(56, 'Philippines', 'NASDAQ', 'Buawan', '99 Monica Road'),
(57, 'Indonesia', 'NASDAQ', 'Kertasari', '677 Straubel Court'),
(58, 'Argentina', 'NASDAQ', 'Embarcación', '93620 Kedzie Alley'),
(59, 'China', 'NASDAQ', 'Kalayemule', '705 Eastlawn Avenue'),
(60, 'France', 'NYSE', 'Nancy', '04 Merry Point'),
(61, 'Japan', 'NASDAQ', 'Kawaguchi', '1 Comanche Plaza'),
(62, 'Netherlands', 'NYSE', '\'s-Hertogenbosch', '1619 Jay Park'),
(63, 'Norway', 'NASDAQ', 'Oslo', '91 Claremont Avenue'),
(64, 'China', 'NASDAQ', 'Ke’erlun', '5810 Shoshone Alley'),
(65, 'Finland', 'NASDAQ', 'Replot', '95 Hallows Park'),
(66, 'Tunisia', 'NASDAQ', 'Douane', '7 Kedzie Place'),
(67, 'Sweden', 'NYSE', 'Halmstad', '15722 Ridge Oak Road'),
(68, 'Azerbaijan', 'NASDAQ', 'Khirdalan', '62509 Fair Oaks Street'),
(69, 'China', 'NYSE', 'Hongqi Yingzi', '30367 Anthes Trail'),
(70, 'Uzbekistan', 'NASDAQ', 'Uychi', '8897 Debra Court'),
(71, 'Portugal', 'NASDAQ', 'Mujães', '1124 Main Lane'),
(72, 'China', 'NYSE', 'Yinchuan', '81 La Follette Park'),
(73, 'Indonesia', 'NYSE', 'Nagrog', '19 Shoshone Lane'),
(74, 'Argentina', 'NYSE', '28 de Noviembre', '1994 Hintze Center'),
(75, 'China', 'NASDAQ', 'Chisong', '74438 Warner Junction'),
(76, 'Peru', 'NASDAQ', 'Socabaya', '17752 Claremont Parkway'),
(77, 'Poland', 'NYSE', 'Jawornik Polski', '3240 Almo Parkway'),
(78, 'Brazil', 'NASDAQ', 'Pereira Barreto', '12 Fordem Point'),
(79, 'Nepal', 'NYSE', 'Butwāl', '2 Hintze Lane'),
(80, 'Brazil', 'NASDAQ', 'Poções', '797 Eliot Avenue'),
(81, 'China', 'NASDAQ', 'Yiyang', '15 Hallows Lane'),
(82, 'Indonesia', 'NYSE', 'Amagarapati', '0 Riverside Avenue'),
(83, 'Russia', 'NASDAQ', 'Tambov', '25 Goodland Hill'),
(84, 'France', 'NASDAQ', 'Caen', '1855 Moland Drive'),
(85, 'Tonga', 'NYSE', 'Haveluloto', '2043 Hauk Crossing'),
(86, 'Philippines', 'NYSE', 'Tayabo', '8595 Kings Court'),
(87, 'Indonesia', 'NASDAQ', 'Batawa', '0 Arapahoe Center'),
(88, 'France', 'NASDAQ', 'Le Mans', '3 Nelson Way'),
(89, 'China', 'NYSE', 'Jiangluo', '880 Jenna Drive'),
(90, 'Poland', 'NYSE', 'Bystra', '1916 Old Shore Pass'),
(91, 'Poland', 'NASDAQ', 'Łazy', '87 Garrison Place'),
(92, 'China', 'NASDAQ', 'Jiapeng', '9 Caliangt Circle'),
(93, 'China', 'NASDAQ', 'Miyang', '189 Drewry Street'),
(94, 'Indonesia', 'NASDAQ', 'Pasirhuni', '495 Mosinee Parkway'),
(95, 'Indonesia', 'NYSE', 'Cigaluh', '946 Veith Place'),
(96, 'Japan', 'NASDAQ', 'Ryūgasaki', '2 Westerfield Junction'),
(97, 'Indonesia', 'NYSE', 'Jabon', '25180 Del Sol Hill'),
(98, 'Russia', 'NASDAQ', 'Romanovo', '247 Swallow Way'),
(99, 'Colombia', 'NASDAQ', 'Palmito', '909 Ridgeview Alley'),
(100, 'China', 'NASDAQ', 'Dazu', '7 Ramsey Road'),
(101, 'Sweden', 'NYSE', 'Alingsås', '601 Utah Crossing'),
(102, 'Panama', 'NASDAQ', 'Portobelo', '34 Cherokee Place'),
(103, 'China', 'NYSE', 'Shaoxing', '92 Iowa Pass'),
(104, 'Indonesia', 'NYSE', 'Mojosari', '46935 Ohio Parkway'),
(105, 'Argentina', 'NASDAQ', 'Tigre', '183 Manufacturers Crossing'),
(106, 'Syria', 'NASDAQ', 'Sinjār', '95 Summerview Circle'),
(107, 'Portugal', 'NASDAQ', 'Alvito', '31455 Moose Center'),
(108, 'Poland', 'NYSE', 'Czeremcha', '6 Burrows Point'),
(109, 'Russia', 'NYSE', 'Temryuk', '2 5th Terrace'),
(110, 'China', 'NYSE', 'Baoping', '62 Forest Run Crossing'),
(111, 'Russia', 'NASDAQ', 'Vilyuchinsk', '940 Bunker Hill Avenue'),
(112, 'Macedonia', 'NASDAQ', 'Demir Hisar', '55 Gulseth Court'),
(113, 'Norway', 'NYSE', 'Oslo', '2 John Wall Street'),
(114, 'China', 'NYSE', 'Xinqiaohe', '9 Mockingbird Center'),
(115, 'Belarus', 'NASDAQ', 'Kryvichy', '7 Hansons Street'),
(116, 'Guam', 'NYSE', 'Yigo Village', '5 Eastlawn Center'),
(117, 'China', 'NASDAQ', 'Liucheng', '9 Prairieview Lane'),
(118, 'Indonesia', 'NASDAQ', 'Karangkancana', '619 Magdeline Terrace'),
(119, 'Indonesia', 'NYSE', 'Sukaraja', '8032 Eggendart Drive'),
(120, 'Cameroon', 'NYSE', 'Maroua', '8 Mesta Avenue'),
(121, 'China', 'NYSE', 'Poxin', '44 Hollow Ridge Parkway'),
(122, 'Sweden', 'NASDAQ', 'Kungsör', '59 Katie Road'),
(123, 'Philippines', 'NASDAQ', 'Calabugao', '51 Surrey Court'),
(124, 'China', 'NASDAQ', 'Peixing', '56 Pleasure Street'),
(125, 'France', 'NASDAQ', 'Narbonne', '04 Loomis Point'),
(126, 'Brazil', 'NYSE', 'Bertioga', '68955 Warbler Trail'),
(127, 'Chile', 'NASDAQ', 'Mulchén', '6 Maple Park'),
(128, 'Russia', 'NASDAQ', 'Gorodets', '91 Lerdahl Circle'),
(129, 'Ukraine', 'NYSE', 'Reshetylivka', '553 Ronald Regan Alley'),
(130, 'Russia', 'NASDAQ', 'Kostrovo', '3 Glendale Lane'),
(131, 'Indonesia', 'NASDAQ', 'Karangasem Laok', '85 Warner Point'),
(132, 'Indonesia', 'NASDAQ', 'Sindangrasa', '7004 Sloan Lane'),
(133, 'Laos', 'NASDAQ', 'Mounlapamôk', '1 Warrior Alley'),
(134, 'Ukraine', 'NYSE', 'Khorostkiv', '9 Vidon Circle'),
(135, 'Cyprus', 'NASDAQ', 'Meneou', '846 Hauk Trail'),
(136, 'China', 'NYSE', 'Gaoyan', '4563 Canary Road'),
(137, 'Indonesia', 'NYSE', 'Songkar B', '06 Derek Place'),
(138, 'Ireland', 'NYSE', 'Ballymun', '93759 Swallow Street'),
(139, 'Poland', 'NYSE', 'Zblewo', '3 Brown Parkway'),
(140, 'Argentina', 'NYSE', 'Monteros', '29684 Judy Center'),
(141, 'Philippines', 'NASDAQ', 'Cervantes', '920 Lakewood Plaza'),
(142, 'Indonesia', 'NYSE', 'Bunga Mas', '4 Westend Park'),
(143, 'Indonesia', 'NYSE', 'Balai', '70 Artisan Lane'),
(144, 'Philippines', 'NYSE', 'Alibunan', '0 Harbort Parkway'),
(145, 'Greece', 'NASDAQ', 'Sápes', '162 Cherokee Junction'),
(146, 'Serbia', 'NYSE', 'Kikinda', '510 Walton Alley'),
(147, 'Sweden', 'NASDAQ', 'Stockholm', '4346 Carioca Place'),
(148, 'Bulgaria', 'NASDAQ', 'Bratsigovo', '6090 Warner Avenue'),
(149, 'Nigeria', 'NYSE', 'Gora', '0 Hauk Center'),
(150, 'France', 'NYSE', 'Fréjus', '01764 Fordem Point'),
(151, 'Brazil', 'NASDAQ', 'Porto Calvo', '5196 Manley Plaza'),
(152, 'China', 'NASDAQ', 'Dongguan', '47 Meadow Valley Alley'),
(153, 'Greece', 'NYSE', 'Pánormos', '4 Sutteridge Park'),
(154, 'Portugal', 'NYSE', 'Quintã', '355 Logan Place'),
(155, 'China', 'NASDAQ', 'Quanzhou', '7 Becker Court'),
(156, 'United States', 'NASDAQ', 'Paterson', '0 Anderson Road'),
(157, 'Argentina', 'NASDAQ', 'Huinca Renancó', '66596 Caliangt Junction'),
(158, 'Canada', 'NASDAQ', 'Willowdale', '5 Laurel Drive'),
(159, 'Japan', 'NASDAQ', 'Naha-shi', '47 Bashford Center'),
(160, 'France', 'NASDAQ', 'Bayeux', '8 Sunfield Pass'),
(161, 'Ethiopia', 'NASDAQ', 'Werota', '5823 Toban Way'),
(162, 'Indonesia', 'NASDAQ', 'Tlogowetan', '811 Ilene Road'),
(163, 'Indonesia', 'NASDAQ', 'Cinangka', '9920 Pleasure Road'),
(164, 'Colombia', 'NYSE', 'Prado', '486 North Lane'),
(165, 'Russia', 'NASDAQ', 'Plavsk', '92 Vernon Point'),
(166, 'Morocco', 'NASDAQ', 'Skhirat', '1399 Thompson Place'),
(167, 'China', 'NASDAQ', 'Heshui', '8 Grasskamp Alley'),
(168, 'China', 'NYSE', 'Puyang', '70 Waxwing Parkway'),
(169, 'Nigeria', 'NASDAQ', 'Lere', '2229 Charing Cross Drive'),
(170, 'China', 'NASDAQ', 'Gaomiaoji', '52782 Harper Park'),
(171, 'China', 'NYSE', 'Shuitai', '28553 Corry Center'),
(172, 'Bosnia and Herzegovina', 'NASDAQ', 'Blatnica', '7 Lakewood Gardens Drive'),
(173, 'Bulgaria', 'NASDAQ', 'Plovdiv', '4 Rowland Parkway'),
(174, 'Philippines', 'NYSE', 'Buan', '672 Prairie Rose Avenue'),
(175, 'Brazil', 'NYSE', 'Itapira', '5 North Pass'),
(176, 'Moldova', 'NASDAQ', 'Rîbniţa', '64013 Schiller Trail'),
(177, 'Poland', 'NYSE', 'Nowa Sarzyna', '3 Parkside Lane'),
(178, 'France', 'NASDAQ', 'Vannes', '6925 Emmet Center'),
(179, 'France', 'NYSE', 'Mâcon', '422 Hintze Place'),
(180, 'Philippines', 'NYSE', 'Apalit', '04787 Di Loreto Place'),
(181, 'Czech Republic', 'NYSE', 'Boskovice', '9183 Dixon Road'),
(182, 'Philippines', 'NYSE', 'La Paz', '213 Brentwood Parkway'),
(183, 'Brazil', 'NASDAQ', 'São Sebastião do Passé', '295 Melvin Trail'),
(184, 'Lithuania', 'NYSE', 'Daugai', '67734 Summit Trail'),
(185, 'Thailand', 'NYSE', 'Chanthaburi', '97191 Troy Circle'),
(186, 'Democratic Republic of the Congo', 'NYSE', 'Kabare', '22 Ohio Court'),
(187, 'Pakistan', 'NASDAQ', 'Nowshera Cantonment', '9338 Reindahl Crossing'),
(188, 'Japan', 'NYSE', 'Rifu', '183 Dottie Avenue'),
(189, 'Dominican Republic', 'NYSE', 'Ciudad Nueva', '88 Nevada Parkway'),
(190, 'Canada', 'NYSE', 'Pictou', '01426 Clove Road'),
(191, 'Dominican Republic', 'NYSE', 'Neiba', '99 Namekagon Terrace'),
(192, 'Indonesia', 'NASDAQ', 'Mentaras', '017 Clyde Gallagher Trail'),
(193, 'Sweden', 'NASDAQ', 'Ljungby', '8536 Westport Trail'),
(194, 'Portugal', 'NASDAQ', 'Alcoutim', '7665 Crowley Lane'),
(195, 'China', 'NYSE', 'Tingqian', '1595 Evergreen Center'),
(196, 'Indonesia', 'NASDAQ', 'Ploso Wetan', '1 Huxley Alley'),
(197, 'Indonesia', 'NASDAQ', 'Parakanhonje Wetan', '8 Hagan Lane'),
(198, 'Indonesia', 'NASDAQ', 'Bago', '1890 Tennyson Place'),
(199, 'Nigeria', 'NASDAQ', 'Otukpa', '97 Corry Circle'),
(200, 'Philippines', 'NYSE', 'Gandara', '19 Gateway Place'),
(201, 'Indonesia', 'NASDAQ', 'Puutuga', '466 Moose Trail'),
(202, 'French Polynesia', 'NASDAQ', 'Papeete', '02686 Lunder Terrace'),
(203, 'Ethiopia', 'NYSE', 'Lobuni', '25 Dryden Junction'),
(204, 'Tuvalu', 'NASDAQ', 'Kulia Village', '6968 Moland Alley'),
(205, 'France', 'NASDAQ', 'Paris 14', '2232 Carpenter Point'),
(206, 'Ukraine', 'NASDAQ', 'Nikita', '86 Hayes Center'),
(207, 'United States', 'NASDAQ', 'Fort Pierce', '3 Grover Court'),
(208, 'Uganda', 'NYSE', 'Kabale', '671 Corscot Terrace'),
(209, 'Lebanon', 'NASDAQ', 'Bcharré', '8738 Michigan Hill'),
(210, 'Paraguay', 'NYSE', 'Nemby', '183 Farmco Trail'),
(211, 'Haiti', 'NYSE', 'Petite Anse', '6003 Barby Trail'),
(212, 'Indonesia', 'NYSE', 'Dukuhtengah', '04 Crescent Oaks Center'),
(213, 'Mongolia', 'NYSE', 'Bayanhoshuu', '1465 Artisan Crossing'),
(214, 'Peru', 'NYSE', 'Acomayo', '25 Crest Line Road'),
(215, 'Reunion', 'NYSE', 'Saint-Denis', '04062 Aberg Trail'),
(216, 'Ireland', 'NASDAQ', 'Watergrasshill', '9 Shopko Lane'),
(217, 'Brazil', 'NASDAQ', 'São Borja', '3860 South Place'),
(218, 'Indonesia', 'NYSE', 'Wadung', '80868 Stone Corner Way'),
(219, 'South Africa', 'NYSE', 'Sasolburg', '92 Troy Pass'),
(220, 'Russia', 'NYSE', 'Volgograd', '242 East Circle'),
(221, 'Czech Republic', 'NASDAQ', 'Včelná', '2 Parkside Plaza'),
(222, 'Poland', 'NASDAQ', 'Czechowice-Dziedzice', '76266 Maple Wood Park'),
(223, 'Poland', 'NYSE', 'Gostyń', '0182 Golf View Junction'),
(224, 'China', 'NYSE', 'Hengjian', '329 Chinook Court'),
(225, 'Philippines', 'NASDAQ', 'Paulba', '60 4th Drive'),
(226, 'Thailand', 'NYSE', 'Bua Yai', '6 Thompson Circle'),
(227, 'China', 'NYSE', 'Honghuatao', '8254 Acker Junction'),
(228, 'Azerbaijan', 'NASDAQ', 'Ağdaş', '1 Dixon Pass'),
(229, 'Oman', 'NYSE', 'Nizwá', '8 Sullivan Parkway'),
(230, 'China', 'NYSE', 'Xichang', '0285 Michigan Alley'),
(231, 'Afghanistan', 'NYSE', 'Māymay', '00688 Thackeray Center'),
(232, 'Russia', 'NYSE', 'Promyshlennaya', '67120 Memorial Road'),
(233, 'United States', 'NASDAQ', 'Evansville', '301 Johnson Junction'),
(234, 'Tunisia', 'NASDAQ', 'Tozeur', '19 Mifflin Way'),
(235, 'Philippines', 'NYSE', 'Canomoy', '795 Carey Center'),
(236, 'Nigeria', 'NASDAQ', 'Dadiya', '6370 Caliangt Road'),
(237, 'China', 'NYSE', 'Nanmu', '59 Norway Maple Center'),
(238, 'Brazil', 'NASDAQ', 'Campos Novos', '0709 Sugar Junction'),
(239, 'United States', 'NASDAQ', 'Milwaukee', '09 Bluejay Lane'),
(240, 'Peru', 'NASDAQ', 'Chiguata', '9 Dorton Park'),
(241, 'Canada', 'NYSE', 'Sparwood', '1 Holmberg Circle'),
(242, 'Papua New Guinea', 'NYSE', 'Wau', '68803 Waubesa Avenue'),
(243, 'Honduras', 'NYSE', 'Travesía', '2327 Forest Drive'),
(244, 'Indonesia', 'NASDAQ', 'Sarimukti Kaler', '447 Cardinal Park'),
(245, 'Greece', 'NASDAQ', 'Kalývia', '2122 Paget Place'),
(246, 'Indonesia', 'NYSE', 'Sikka', '31 Stone Corner Trail'),
(247, 'France', 'NASDAQ', 'Tourcoing', '5514 Golden Leaf Center'),
(248, 'China', 'NASDAQ', 'Zhangdun', '0860 Vahlen Way'),
(249, 'Cambodia', 'NASDAQ', 'Stung Treng', '78577 Sachtjen Terrace'),
(250, 'Ukraine', 'NYSE', 'Berezivka', '6 Huxley Hill'),
(251, 'Belarus', 'NYSE', 'Horad Krychaw', '1529 Kenwood Alley'),
(252, 'Indonesia', 'NASDAQ', 'Palangan', '04726 Hazelcrest Center'),
(253, 'Sweden', 'NASDAQ', 'Tumba', '9071 Ridgeview Plaza'),
(254, 'South Korea', 'NASDAQ', 'Miryang', '69624 Forster Parkway'),
(255, 'Greece', 'NASDAQ', 'Souflí', '067 Kedzie Way'),
(256, 'France', 'NASDAQ', 'Périgueux', '0252 Warner Center'),
(257, 'Portugal', 'NASDAQ', 'Rego de Água', '14 Mayfield Avenue'),
(258, 'Uganda', 'NASDAQ', 'Margherita', '83 Stang Park'),
(259, 'Brazil', 'NYSE', 'Nova Petrópolis', '55249 Vidon Plaza'),
(260, 'Russia', 'NYSE', 'Krasnogvardeyets', '52657 Calypso Center'),
(261, 'China', 'NASDAQ', 'Meicheng', '730 Pond Place'),
(262, 'Benin', 'NASDAQ', 'Hinvi', '5 Steensland Junction'),
(263, 'Philippines', 'NASDAQ', 'Maao', '639 High Crossing Avenue'),
(264, 'South Korea', 'NASDAQ', 'Jeonju', '8776 Springs Place'),
(265, 'Russia', 'NASDAQ', 'Vladikavkaz', '4 1st Junction'),
(266, 'Indonesia', 'NASDAQ', 'Togu', '453 Bashford Place'),
(267, 'China', 'NASDAQ', 'Yuanqian', '00 Mifflin Trail'),
(268, 'China', 'NASDAQ', 'Youlongchuan', '0898 High Crossing Street'),
(269, 'South Korea', 'NYSE', 'Kunsan', '4608 International Drive'),
(270, 'Mexico', 'NASDAQ', 'Magisterial', '70415 Forest Dale Junction'),
(271, 'Egypt', 'NASDAQ', '‘Izbat al Burj', '12 Buell Pass'),
(272, 'Zambia', 'NYSE', 'Mkushi', '3 Redwing Lane'),
(273, 'China', 'NASDAQ', 'Miao’ertan', '222 Gateway Hill'),
(274, 'China', 'NASDAQ', 'Zhangfang', '99564 Pine View Plaza'),
(275, 'Greece', 'NYSE', 'Aráchova', '64 Waxwing Junction'),
(276, 'China', 'NYSE', 'Gucun', '34863 Everett Court'),
(277, 'East Timor', 'NYSE', 'Same', '1415 Huxley Hill'),
(278, 'China', 'NASDAQ', 'Zhigong', '3492 Center Place'),
(279, 'Sweden', 'NASDAQ', 'Värnamo', '4 7th Avenue'),
(280, 'Poland', 'NYSE', 'Lwówek Śląski', '0089 Mayfield Pass'),
(281, 'Indonesia', 'NYSE', 'Penebel', '90 Hoffman Junction'),
(282, 'Russia', 'NASDAQ', 'Novo-Peredelkino', '4 Mccormick Terrace'),
(283, 'Thailand', 'NYSE', 'Prakhon Chai', '03 Kings Lane'),
(284, 'Indonesia', 'NASDAQ', 'Samburat', '21 Swallow Way'),
(285, 'China', 'NYSE', 'Wa’erma', '12 Sachtjen Alley'),
(286, 'Ukraine', 'NYSE', 'Zaporizhzhya', '28 Longview Crossing'),
(287, 'Peru', 'NASDAQ', 'Huayacundo Arma', '8102 Hermina Center'),
(288, 'Brazil', 'NYSE', 'Araras', '669 Stone Corner Road'),
(289, 'North Korea', 'NASDAQ', 'Aoji-ri', '89994 Kingsford Junction'),
(290, 'Yemen', 'NYSE', 'Ad Dīs ash Sharqīyah', '037 Thierer Avenue'),
(291, 'Indonesia', 'NASDAQ', 'Gandekan', '41104 Ilene Place'),
(292, 'China', 'NASDAQ', 'Zhenshan', '996 Veith Hill'),
(293, 'Portugal', 'NYSE', 'Lavadorinhos', '870 Waxwing Crossing'),
(294, 'Thailand', 'NYSE', 'Bang Klam', '93 Fulton Drive'),
(295, 'United Kingdom', 'NYSE', 'Marston', '6208 Pierstorff Crossing'),
(296, 'Canada', 'NYSE', 'Swift Current', '3576 Valley Edge Place'),
(297, 'Russia', 'NASDAQ', 'Listvyanskiy', '4 Nevada Point'),
(298, 'South Korea', 'NASDAQ', 'Cheongju-si', '6 Spaight Terrace'),
(299, 'China', 'NYSE', 'Huangbei', '4 Harper Hill'),
(300, 'Philippines', 'NASDAQ', 'Libertad', '605 Bowman Drive'),
(301, 'Iran', 'NASDAQ', 'Akbarābād', '62518 Clyde Gallagher Crossing'),
(302, 'China', 'NYSE', 'Danyang', '9955 Carpenter Junction'),
(303, 'Ukraine', 'NASDAQ', 'Orikhiv', '55 Blue Bill Park Drive'),
(304, 'Poland', 'NASDAQ', 'Zgłobień', '47 Kipling Lane'),
(305, 'Sweden', 'NASDAQ', 'Västervik', '79835 Brickson Park Avenue'),
(306, 'Indonesia', 'NASDAQ', 'Tampekan', '56 Lighthouse Bay Avenue'),
(307, 'China', 'NYSE', 'Erjiegou', '85 Kipling Circle'),
(308, 'China', 'NASDAQ', 'Dongkan', '1 Oak Valley Pass'),
(309, 'Indonesia', 'NYSE', 'Totok', '66217 Laurel Street'),
(310, 'China', 'NYSE', 'Rongkou', '511 Delladonna Hill'),
(311, 'China', 'NASDAQ', 'Fengyi', '199 Blackbird Junction'),
(312, 'Maldives', 'NYSE', 'Fonadhoo', '2 Sycamore Pass'),
(313, 'Uzbekistan', 'NASDAQ', 'Qŭshkŭpir', '422 Prentice Trail'),
(314, 'Greece', 'NASDAQ', 'Afántou', '5 Katie Pass'),
(315, 'China', 'NASDAQ', 'Liurenba', '6110 Eastlawn Crossing'),
(316, 'Indonesia', 'NASDAQ', 'Manganitu', '00360 Declaration Street'),
(317, 'China', 'NASDAQ', 'Zhengcun', '4242 Division Circle'),
(318, 'Portugal', 'NYSE', 'São Miguel', '0292 Mariners Cove Center'),
(319, 'Guatemala', 'NASDAQ', 'Champerico', '136 Ridgeview Trail'),
(320, 'France', 'NASDAQ', 'Nevers', '336 Nancy Circle'),
(321, 'Sweden', 'NASDAQ', 'Nykvarn', '68 Northfield Alley'),
(322, 'Cameroon', 'NASDAQ', 'Obala', '80 Bartillon Road'),
(323, 'Russia', 'NASDAQ', 'Sokol', '20975 Hazelcrest Parkway'),
(324, 'China', 'NASDAQ', 'Chadian', '7475 Stone Corner Court'),
(325, 'Gambia', 'NYSE', 'Jifarong', '6 Debra Trail'),
(326, 'Japan', 'NASDAQ', 'Kakamigahara', '02 Morningstar Court'),
(327, 'Russia', 'NASDAQ', 'Sokolovo', '46839 Judy Circle'),
(328, 'Ireland', 'NYSE', 'Rathnew', '818 Lawn Drive'),
(329, 'Greece', 'NASDAQ', 'Koíla', '996 Mayer Drive'),
(330, 'China', 'NASDAQ', 'Dizhai', '71398 Village Plaza'),
(331, 'Mongolia', 'NASDAQ', 'Tsalgar', '33171 Corscot Point'),
(332, 'China', 'NASDAQ', 'Pangguang', '1092 7th Junction'),
(333, 'Philippines', 'NYSE', 'Panognawan', '23510 Amoth Place'),
(334, 'China', 'NYSE', 'Chenghuang', '63643 Miller Point'),
(335, 'Armenia', 'NYSE', 'Bartsrashen', '632 Lillian Pass'),
(336, 'Gambia', 'NYSE', 'Sami', '49313 Rieder Lane'),
(337, 'Lebanon', 'NASDAQ', 'Ra’s Bayrūt', '59671 Brentwood Court'),
(338, 'Indonesia', 'NASDAQ', 'Kudang', '9521 Towne Lane'),
(339, 'Indonesia', 'NASDAQ', 'Sukamulya', '7697 Haas Street'),
(340, 'China', 'NASDAQ', 'Changling', '71 Randy Alley'),
(341, 'China', 'NASDAQ', 'Hedong', '398 West Point'),
(342, 'United States', 'NYSE', 'Washington', '324 Paget Street'),
(343, 'Czech Republic', 'NASDAQ', 'Jindřichův Hradec', '6 Dakota Plaza'),
(344, 'Indonesia', 'NYSE', 'Karafao', '24009 Nova Lane'),
(345, 'Bosnia and Herzegovina', 'NYSE', 'Mionica', '652 Farragut Circle'),
(346, 'China', 'NASDAQ', 'Litan', '598 Lyons Road'),
(347, 'Japan', 'NYSE', 'Kumagaya', '67352 Mallard Point'),
(348, 'Slovenia', 'NASDAQ', 'Jurovski Dol', '96724 Elgar Plaza'),
(349, 'China', 'NASDAQ', 'Shenjing', '8583 Petterle Street'),
(350, 'Ukraine', 'NYSE', 'Luts’k', '52 Blue Bill Park Hill'),
(351, 'Ivory Coast', 'NYSE', 'Divo', '3 Independence Parkway'),
(352, 'Greece', 'NASDAQ', 'Samothráki', '3123 Truax Trail'),
(353, 'Spain', 'NYSE', 'Malaga', '0450 Blackbird Lane'),
(354, 'China', 'NASDAQ', 'Tianyuan', '76654 Barby Road'),
(355, 'Costa Rica', 'NYSE', 'Belén', '77 Dryden Terrace'),
(356, 'China', 'NASDAQ', 'Sangesi', '3 Florence Junction'),
(357, 'China', 'NYSE', 'Pingxiang', '5576 Morrow Point'),
(358, 'China', 'NYSE', 'Wuyang', '21699 Fair Oaks Avenue'),
(359, 'China', 'NASDAQ', 'Zhihe', '8 Dapin Junction'),
(360, 'China', 'NASDAQ', 'Taiping', '1 Dapin Terrace'),
(361, 'China', 'NASDAQ', 'Jialu', '4 Mesta Parkway'),
(362, 'Slovenia', 'NASDAQ', 'Zgornje Bitnje', '4213 Warrior Trail'),
(363, 'Mexico', 'NASDAQ', 'San Antonio', '86360 Sheridan Place'),
(364, 'Philippines', 'NASDAQ', 'Tipaz', '033 Lawn Crossing'),
(365, 'Mongolia', 'NYSE', 'Bayanbaraat', '91192 Dapin Terrace'),
(366, 'Norway', 'NASDAQ', 'Bodø', '156 Onsgard Junction'),
(367, 'Indonesia', 'NASDAQ', 'Rancakole', '26 2nd Trail'),
(368, 'Philippines', 'NYSE', 'Cambuga', '2766 Jana Avenue'),
(369, 'Brazil', 'NASDAQ', 'Barrinha', '2 Kinsman Court'),
(370, 'Israel', 'NASDAQ', 'Jīsh', '06530 Sachs Crossing'),
(371, 'Sweden', 'NASDAQ', 'Västerås', '73516 Eastlawn Lane'),
(372, 'Indonesia', 'NASDAQ', 'Bandarlampung', '6511 Badeau Terrace'),
(373, 'Mongolia', 'NASDAQ', 'Tsetsegnuur', '12444 Blackbird Place'),
(374, 'Philippines', 'NASDAQ', 'Magsaysay', '72480 Reinke Crossing'),
(375, 'Syria', 'NASDAQ', 'Talldaww', '229 Anderson Drive'),
(376, 'China', 'NYSE', 'Moxi', '78 Bultman Street'),
(377, 'United States', 'NASDAQ', 'Daytona Beach', '071 Tony Court'),
(378, 'China', 'NASDAQ', 'Xianchiyu', '88 Clove Hill'),
(379, 'Albania', 'NYSE', 'Novoselë', '7 Merchant Center'),
(380, 'Canada', 'NYSE', 'Saint-Raymond', '6800 Nevada Trail'),
(381, 'Sweden', 'NASDAQ', 'Mora', '50 Rieder Alley'),
(382, 'Vietnam', 'NASDAQ', 'Vân Đình', '30 Sutteridge Lane'),
(383, 'Philippines', 'NASDAQ', 'Bañga', '03989 Bluejay Pass'),
(384, 'Russia', 'NYSE', 'Novaya Mayna', '682 Manley Parkway'),
(385, 'Honduras', 'NYSE', 'San Marcos de Colón', '5708 Pond Point'),
(386, 'Russia', 'NASDAQ', 'Yayva', '9365 Red Cloud Junction'),
(387, 'China', 'NYSE', 'Shuizhai', '2777 High Crossing Park'),
(388, 'Japan', 'NYSE', 'Asahi', '559 Dwight Drive'),
(389, 'Japan', 'NYSE', 'Morohongō', '0 Dapin Plaza'),
(390, 'United States', 'NASDAQ', 'Waco', '71246 Oak Valley Terrace'),
(391, 'Thailand', 'NASDAQ', 'Nakhon Phanom', '3 Valley Edge Center'),
(392, 'China', 'NASDAQ', 'Shanglian', '34 Quincy Hill'),
(393, 'Thailand', 'NASDAQ', 'Pa Sang', '5319 Ramsey Place'),
(394, 'Portugal', 'NYSE', 'Fafe', '5116 Stone Corner Crossing'),
(395, 'Russia', 'NASDAQ', 'Dubki', '8 Lillian Point'),
(396, 'China', 'NYSE', 'Duyanggang', '922 Coolidge Circle'),
(397, 'Russia', 'NYSE', 'Lyambir’', '09 Stuart Pass'),
(398, 'China', 'NYSE', 'Qifang', '64618 Manley Parkway'),
(399, 'Brazil', 'NASDAQ', 'Mongaguá', '7 5th Parkway'),
(400, 'Zambia', 'NASDAQ', 'Monze', '513 Summit Center'),
(401, 'Nigeria', 'NASDAQ', 'Kaltungo', '672 Becker Avenue'),
(402, 'Botswana', 'NASDAQ', 'Mopipi', '47957 Hooker Plaza'),
(403, 'Mongolia', 'NYSE', 'Hujirt', '75075 Corben Terrace'),
(404, 'Russia', 'NASDAQ', 'Primorskiy', '477 Valley Edge Place'),
(405, 'Indonesia', 'NYSE', 'Jatiwangi', '1358 Banding Junction'),
(406, 'Sweden', 'NYSE', 'Kiruna', '10937 Dwight Pass'),
(407, 'China', 'NASDAQ', 'Mijiang', '97 Sullivan Court'),
(408, 'China', 'NASDAQ', 'Maojiagang', '96660 Reindahl Street'),
(409, 'Nigeria', 'NASDAQ', 'Kachia', '17 Lillian Circle'),
(410, 'Russia', 'NYSE', 'Kozhva', '5675 Welch Road'),
(411, 'Poland', 'NASDAQ', 'Klenica', '39 Brickson Park Alley'),
(412, 'Czech Republic', 'NYSE', 'Vlkoš', '704 Fieldstone Point'),
(413, 'United States', 'NASDAQ', 'Des Moines', '3 Holmberg Place'),
(414, 'Ecuador', 'NASDAQ', 'Cayambe', '69 Portage Junction'),
(415, 'Indonesia', 'NYSE', 'Cukangpanjang', '91 Thompson Plaza'),
(416, 'Croatia', 'NASDAQ', 'Markušica', '87 Red Cloud Trail'),
(417, 'Czech Republic', 'NASDAQ', 'Březová', '37019 Northfield Plaza'),
(418, 'Afghanistan', 'NYSE', 'Khān Neshīn', '9550 Portage Lane'),
(419, 'Indonesia', 'NASDAQ', 'Padasuka', '3897 Londonderry Way'),
(420, 'Russia', 'NYSE', 'Mukhen', '16093 1st Crossing'),
(421, 'Finland', 'NASDAQ', 'Hyrynsalmi', '5792 Rigney Center'),
(422, 'Ukraine', 'NASDAQ', 'Voyinka', '6545 Sunnyside Pass'),
(423, 'Poland', 'NYSE', 'Szemud', '57087 Evergreen Court'),
(424, 'Ukraine', 'NASDAQ', 'Kostyantynivka', '2074 Jackson Street'),
(425, 'Belarus', 'NASDAQ', 'Urechcha', '5325 Division Junction'),
(426, 'China', 'NASDAQ', 'Nawu', '1 Rutledge Street'),
(427, 'China', 'NASDAQ', 'Ganjiachang', '155 Pine View Pass'),
(428, 'Cuba', 'NYSE', 'Jimaguayú', '254 North Avenue'),
(429, 'France', 'NASDAQ', 'Ivry-sur-Seine', '28 Debs Point'),
(430, 'Greece', 'NASDAQ', 'Nerokoúros', '04 Erie Parkway'),
(431, 'China', 'NASDAQ', 'Niandui', '88 Lawn Terrace'),
(432, 'Czech Republic', 'NYSE', 'Studénka', '8 West Junction'),
(433, 'Poland', 'NYSE', 'Stąporków', '6438 Canary Road'),
(434, 'Philippines', 'NASDAQ', 'Tudela', '43491 Graceland Point'),
(435, 'Brazil', 'NYSE', 'Guariba', '76421 Hintze Place'),
(436, 'Vietnam', 'NYSE', 'Tô Hạp', '72 Harper Park'),
(437, 'Russia', 'NASDAQ', 'Berezniki', '1077 Schiller Alley'),
(438, 'France', 'NASDAQ', 'Strasbourg', '0846 Schmedeman Street'),
(439, 'Indonesia', 'NASDAQ', 'Banjar Yehsatang', '20040 Hayes Court'),
(440, 'Rwanda', 'NYSE', 'Butare', '407 Grim Street'),
(441, 'El Salvador', 'NASDAQ', 'Santiago Nonualco', '2 Twin Pines Alley'),
(442, 'China', 'NASDAQ', 'Macha', '025 Cambridge Way'),
(443, 'Kazakhstan', 'NASDAQ', 'Aqsū', '59547 Ramsey Pass'),
(444, 'China', 'NASDAQ', 'Shuangwang', '0 Mifflin Lane'),
(445, 'China', 'NYSE', 'Yuanling', '493 Old Shore Lane'),
(446, 'China', 'NYSE', 'Longtou', '380 1st Drive'),
(447, 'Russia', 'NASDAQ', 'Zelenogorsk', '237 Linden Lane'),
(448, 'Niger', 'NASDAQ', 'Dakoro', '7 Dryden Parkway'),
(449, 'Philippines', 'NASDAQ', 'Sabang', '73049 Johnson Circle'),
(450, 'China', 'NASDAQ', 'Nianyushan', '41366 Atwood Center'),
(451, 'Argentina', 'NASDAQ', 'San Jorge', '98121 Waxwing Circle'),
(452, 'Albania', 'NASDAQ', 'Mollas', '3083 Stang Park'),
(453, 'Czech Republic', 'NYSE', 'Petřvald', '55 Sundown Road'),
(454, 'France', 'NASDAQ', 'Abbeville', '19 Pepper Wood Parkway'),
(455, 'Thailand', 'NASDAQ', 'Koh Tao', '7 Dunning Center'),
(456, 'Ireland', 'NASDAQ', 'Lucan', '8 2nd Place'),
(457, 'China', 'NYSE', 'Dongxiaokou', '17178 Evergreen Parkway'),
(458, 'China', 'NYSE', 'Baibu', '362 Bluestem Lane'),
(459, 'Philippines', 'NASDAQ', 'Cayungnan', '304 Bowman Pass'),
(460, 'Peru', 'NASDAQ', 'La Molina', '786 Saint Paul Parkway'),
(461, 'Haiti', 'NYSE', 'Fort Liberté', '91471 Sugar Terrace'),
(462, 'Portugal', 'NYSE', 'Jardim da Serra', '8725 Northview Crossing'),
(463, 'Luxembourg', 'NASDAQ', 'Bissen', '442 New Castle Drive'),
(464, 'China', 'NYSE', 'Ningtang', '5 Fieldstone Circle'),
(465, 'Germany', 'NASDAQ', 'Dortmund', '650 Columbus Trail'),
(466, 'Tunisia', 'NYSE', 'Dawwār Tīnjah', '975 Lakewood Gardens Way'),
(467, 'Indonesia', 'NYSE', 'Olo', '14 Johnson Hill'),
(468, 'Kenya', 'NYSE', 'Kabarnet', '39528 Maple Road'),
(469, 'Indonesia', 'NASDAQ', 'Karangbungur', '2 Talisman Pass'),
(470, 'France', 'NYSE', 'Guéret', '63084 Sachtjen Alley'),
(471, 'China', 'NASDAQ', 'Dao’er', '72 Florence Parkway'),
(472, 'Russia', 'NASDAQ', 'Lashma', '1 Buena Vista Terrace'),
(473, 'Guatemala', 'NASDAQ', 'Chisec', '7 Quincy Avenue'),
(474, 'Malaysia', 'NASDAQ', 'Labuan', '59 Charing Cross Junction'),
(475, 'Ukraine', 'NYSE', 'Amvrosiyivka', '13 Buena Vista Point'),
(476, 'Russia', 'NASDAQ', 'Kulary', '98 Pawling Drive'),
(477, 'Indonesia', 'NYSE', 'Cimanggu', '17149 Prairie Rose Alley'),
(478, 'Angola', 'NYSE', 'Lobito', '5 Sherman Street'),
(479, 'Pakistan', 'NASDAQ', 'Karaundi', '3248 Golf Course Way'),
(480, 'Indonesia', 'NYSE', 'Talu', '4170 Division Center'),
(481, 'United States', 'NYSE', 'Akron', '972 Tony Lane'),
(482, 'Belarus', 'NYSE', 'Radashkovichy', '1781 Burrows Point'),
(483, 'China', 'NASDAQ', 'Zhongchuan', '47 Lindbergh Place'),
(484, 'China', 'NYSE', 'Guojia', '7452 Grayhawk Plaza'),
(485, 'Tanzania', 'NASDAQ', 'Muheza', '83841 Ruskin Crossing'),
(486, 'Indonesia', 'NASDAQ', 'Girihieum', '53 Sloan Junction'),
(487, 'Indonesia', 'NYSE', 'Eci', '97 Spenser Junction'),
(488, 'Brazil', 'NYSE', 'Carangola', '9727 Bay Place'),
(489, 'France', 'NYSE', 'Montfort-sur-Meu', '0885 Towne Pass'),
(490, 'Guatemala', 'NASDAQ', 'Joyabaj', '5 Saint Paul Street'),
(491, 'Philippines', 'NYSE', 'Biga', '8 Almo Park'),
(492, 'Philippines', 'NASDAQ', 'Santa Maria', '75259 Brentwood Place'),
(493, 'Armenia', 'NYSE', 'Metsamor', '5887 Fairfield Lane'),
(494, 'Jordan', 'NYSE', 'Ḩakamā', '41343 Eastwood Lane'),
(495, 'Nigeria', 'NYSE', 'Elele', '54 Continental Way'),
(496, 'Mexico', 'NYSE', 'Benito Juarez', '16 Glendale Trail'),
(497, 'Thailand', 'NYSE', 'Ko Pha Ngan', '63 Mallory Street'),
(498, 'Brazil', 'NASDAQ', 'Florianópolis', '64326 Monument Place'),
(499, 'Russia', 'NYSE', 'Kineshma', '84 Loeprich Circle'),
(500, 'Brazil', 'NYSE', 'Santana do Livramento', '958 Sutherland Crossing'),
(501, 'China', 'NYSE', 'Dongshangguan', '9003 Monterey Plaza'),
(502, 'China', 'NASDAQ', 'Tangzi', '0231 Tony Court'),
(503, 'Brazil', 'NASDAQ', 'Santo Antônio da Platina', '8256 Acker Park'),
(504, 'Greece', 'NYSE', 'Stamáta', '49134 Lien Road'),
(505, 'Poland', 'NYSE', 'Kolonowskie', '2 Waywood Circle'),
(506, 'Gambia', 'NASDAQ', 'No Kunda', '6 Bunker Hill Trail'),
(507, 'Gambia', 'NYSE', 'Georgetown', '09 Village Alley'),
(508, 'Thailand', 'NYSE', 'Kaeng Khoi', '4449 Tony Trail'),
(509, 'Brazil', 'NYSE', 'Inhumas', '4053 Derek Avenue'),
(510, 'Lebanon', 'NYSE', 'Jdaidet el Matn', '493 Schurz Way'),
(511, 'China', 'NYSE', 'Changshan', '42 Farwell Parkway'),
(512, 'Croatia', 'NASDAQ', 'Osekovo', '37 Redwing Avenue'),
(513, 'Colombia', 'NASDAQ', 'Puerres', '04 Anderson Trail'),
(514, 'Philippines', 'NYSE', 'Nanyo', '73855 Beilfuss Drive'),
(515, 'Sri Lanka', 'NASDAQ', 'Puttalam', '17855 Jackson Parkway'),
(516, 'South Africa', 'NASDAQ', 'Izingolweni', '894 Nancy Pass'),
(517, 'Panama', 'NYSE', 'San Vicente de Bique', '9467 Sachs Parkway'),
(518, 'Philippines', 'NASDAQ', 'Santa Cruz', '85 1st Park'),
(519, 'Portugal', 'NYSE', 'São Pedro', '8126 Arrowood Park'),
(520, 'China', 'NASDAQ', 'Beijiang', '33190 Montana Trail'),
(521, 'Thailand', 'NYSE', 'Kabin Buri', '56949 Warner Way'),
(522, 'Indonesia', 'NASDAQ', 'Gendiwu', '63703 Alpine Park'),
(523, 'Ukraine', 'NASDAQ', 'Katyuzhanka', '15923 John Wall Drive'),
(524, 'China', 'NASDAQ', 'Menlou', '3 Dapin Trail'),
(525, 'Poland', 'NASDAQ', 'Górzno', '37 Rusk Court'),
(526, 'Paraguay', 'NASDAQ', 'Capiíbary', '3704 Mifflin Place'),
(527, 'Ukraine', 'NASDAQ', 'Tatariv', '65 Swallow Junction'),
(528, 'Honduras', 'NASDAQ', 'Las Tejeras', '938 Oriole Way'),
(529, 'Indonesia', 'NASDAQ', 'Aengceleng', '94 Gulseth Drive'),
(530, 'Ukraine', 'NASDAQ', 'Kobleve', '7 Springview Crossing'),
(531, 'Canada', 'NYSE', 'Amherstburg', '3136 Gerald Place'),
(532, 'Guatemala', 'NASDAQ', 'Mazatenango', '0 Kinsman Circle'),
(533, 'Sweden', 'NASDAQ', 'Kävlinge', '54 Hoard Court'),
(534, 'Portugal', 'NYSE', 'Midões', '961 Kim Place'),
(535, 'Indonesia', 'NYSE', 'Sindangsuka', '1975 Gateway Place'),
(536, 'Brazil', 'NASDAQ', 'Itapuranga', '599 Luster Circle'),
(537, 'Russia', 'NYSE', 'Kamenka', '7 Schmedeman Terrace'),
(538, 'Philippines', 'NASDAQ', 'Cabaritan East', '3 Warbler Place'),
(539, 'France', 'NASDAQ', 'Meylan', '160 Thackeray Plaza'),
(540, 'Portugal', 'NASDAQ', 'Bouça', '208 Caliangt Circle'),
(541, 'Morocco', 'NASDAQ', 'Amizmiz', '565 Merchant Alley'),
(542, 'China', 'NYSE', 'Heshan', '1215 Birchwood Circle'),
(543, 'Peru', 'NYSE', 'Quinjalca', '976 Bartelt Court'),
(544, 'China', 'NASDAQ', 'Shuikou', '5 Dapin Avenue'),
(545, 'Japan', 'NASDAQ', 'Koga', '7 David Drive'),
(546, 'Nigeria', 'NYSE', 'Dambarta', '691 Hintze Hill'),
(547, 'China', 'NASDAQ', 'Wulin', '5 Judy Way'),
(548, 'Brazil', 'NASDAQ', 'Caraguatatuba', '04507 Namekagon Plaza'),
(549, 'Indonesia', 'NASDAQ', 'Wewoloe', '4 Menomonie Road'),
(550, 'China', 'NASDAQ', 'Xiaxindian', '95 Schiller Avenue'),
(551, 'Ireland', 'NASDAQ', 'Moville', '7 Gateway Parkway'),
(552, 'Paraguay', 'NASDAQ', 'San Cosme y Damián', '672 Nova Junction'),
(553, 'Lithuania', 'NYSE', 'Prienai', '9168 2nd Terrace'),
(554, 'Democratic Republic of the Congo', 'NYSE', 'Bunia', '946 Old Gate Park'),
(555, 'China', 'NASDAQ', 'Tongchuan', '5 Chinook Way'),
(556, 'Indonesia', 'NYSE', 'Lengor', '22 Del Mar Court'),
(557, 'Armenia', 'NYSE', 'Malishka', '110 Birchwood Drive'),
(558, 'South Africa', 'NASDAQ', 'Delareyville', '70860 Eggendart Hill'),
(559, 'China', 'NASDAQ', 'Baiquesi', '0622 Lillian Street'),
(560, 'Brazil', 'NASDAQ', 'Crato', '1 Iowa Park'),
(561, 'Albania', 'NASDAQ', 'Ballsh', '54 Banding Park'),
(562, 'Ireland', 'NASDAQ', 'Trá Mhór', '7 Forster Park'),
(563, 'Vietnam', 'NASDAQ', 'Vạn Giã', '16337 Red Cloud Center'),
(564, 'Czech Republic', 'NASDAQ', 'Malá Strana', '4688 Nancy Way'),
(565, 'Madagascar', 'NASDAQ', 'Ambato Boeny', '58 Melrose Junction'),
(566, 'Poland', 'NASDAQ', 'Kaniów', '29171 Mallory Street'),
(567, 'Bulgaria', 'NASDAQ', 'Lakatnik', '1 Macpherson Junction'),
(568, 'China', 'NYSE', 'Jiamiao', '7 Colorado Junction'),
(569, 'China', 'NYSE', 'Xichuan', '5368 Mesta Terrace'),
(570, 'Thailand', 'NASDAQ', 'Rat Burana', '663 Novick Way'),
(571, 'Guatemala', 'NASDAQ', 'Monjas', '5588 Mesta Road'),
(572, 'China', 'NYSE', 'Haixing', '33409 Eggendart Drive'),
(573, 'Colombia', 'NYSE', 'Angostura', '305 Shoshone Way'),
(574, 'Colombia', 'NYSE', 'Caramanta', '771 7th Place'),
(575, 'Russia', 'NYSE', 'Verkhniy Baskunchak', '986 Nevada Avenue'),
(576, 'Poland', 'NYSE', 'Oksa', '76865 Northview Circle'),
(577, 'Cuba', 'NYSE', 'Jaruco', '7238 Truax Road'),
(578, 'Indonesia', 'NYSE', 'Rancabugel', '424 Caliangt Point'),
(579, 'Peru', 'NASDAQ', 'Huancarqui', '11 Bay Center'),
(580, 'Honduras', 'NASDAQ', 'San José de Comayagua', '7 Fallview Crossing'),
(581, 'Hungary', 'NASDAQ', 'Budapest', '401 Homewood Alley'),
(582, 'Italy', 'NYSE', 'Verona', '1 Warrior Pass'),
(583, 'Russia', 'NYSE', 'Severka', '07726 Northridge Court'),
(584, 'Czech Republic', 'NASDAQ', 'Peruc', '8499 Nevada Alley'),
(585, 'Mongolia', 'NASDAQ', 'Sharïngol', '834 Carioca Point'),
(586, 'French Polynesia', 'NASDAQ', 'Tiarei', '265 Tomscot Road'),
(587, 'China', 'NYSE', 'Zhonghuopu', '51 Mitchell Place'),
(588, 'Ukraine', 'NASDAQ', 'Sutysky', '610 Ramsey Pass'),
(589, 'Brazil', 'NYSE', 'Botucatu', '38 Pleasure Alley'),
(590, 'Morocco', 'NYSE', 'Boulaouane', '81182 Messerschmidt Street'),
(591, 'Thailand', 'NYSE', 'Khlong Sam Wa', '7 Sullivan Trail'),
(592, 'Russia', 'NYSE', 'Bronnitsy', '14242 Bunker Hill Road'),
(593, 'Brazil', 'NASDAQ', 'Morro do Chapéu', '6059 Veith Drive'),
(594, 'China', 'NYSE', 'Xingbin', '74 Golf Course Alley'),
(595, 'Indonesia', 'NYSE', 'Tumpang Satu', '26114 Sommers Alley'),
(596, 'Guatemala', 'NASDAQ', 'Tecpán Guatemala', '48 Heath Road'),
(597, 'Indonesia', 'NYSE', 'Tugu', '9 Oneill Drive'),
(598, 'China', 'NASDAQ', 'Heping', '63 Kings Terrace'),
(599, 'Russia', 'NASDAQ', 'Zelenograd', '6 Blackbird Road'),
(600, 'Mozambique', 'NYSE', 'Montepuez', '0 Algoma Place'),
(601, 'Slovenia', 'NASDAQ', 'Ankaran', '37528 Nelson Place'),
(602, 'Russia', 'NYSE', 'Rossosh’', '4737 Paget Point'),
(603, 'Indonesia', 'NASDAQ', 'Mungkin', '8 South Crossing'),
(604, 'Japan', 'NASDAQ', 'Hamada', '337 Raven Street'),
(605, 'Philippines', 'NASDAQ', 'San Juan', '39832 Mayer Hill'),
(606, 'Portugal', 'NASDAQ', 'Atalaia', '1 Ohio Lane'),
(607, 'Indonesia', 'NYSE', 'Trogan Barat', '41530 Dapin Crossing'),
(608, 'Slovenia', 'NYSE', 'Zasip', '5488 Muir Point'),
(609, 'Gambia', 'NASDAQ', 'Sutukung', '11 Crownhardt Drive'),
(610, 'Sweden', 'NASDAQ', 'Göteborg', '17204 Shasta Lane'),
(611, 'Argentina', 'NYSE', 'San Ramón de la Nueva Orán', '0 Columbus Circle'),
(612, 'Russia', 'NASDAQ', 'Teberda', '69 Oriole Lane'),
(613, 'Indonesia', 'NASDAQ', 'Ciulu', '8665 Boyd Trail'),
(614, 'Czech Republic', 'NASDAQ', 'Smečno', '1 Everett Parkway'),
(615, 'China', 'NYSE', 'Taoyuan', '513 Center Avenue'),
(616, 'Canada', 'NYSE', 'Osoyoos', '8793 Oak Way'),
(617, 'Indonesia', 'NASDAQ', 'Gadon', '462 Randy Trail'),
(618, 'Russia', 'NYSE', 'Kraskino', '20 School Terrace'),
(619, 'China', 'NYSE', 'Si’en', '22329 Mockingbird Point'),
(620, 'Hungary', 'NASDAQ', 'Szeged', '1 Golf Course Road'),
(621, 'Russia', 'NYSE', 'Verkhniy Kurkuzhin', '7975 Moulton Street'),
(622, 'China', 'NASDAQ', 'Quxi', '6 Dorton Parkway'),
(623, 'Indonesia', 'NASDAQ', 'Plereyan', '668 Kropf Point'),
(624, 'China', 'NYSE', 'Yunzhong', '9 Melody Road'),
(625, 'Colombia', 'NYSE', 'San José de La Montaña', '7735 Mccormick Terrace'),
(626, 'Indonesia', 'NYSE', 'Desa Margaluyu', '01 Memorial Circle'),
(627, 'Indonesia', 'NYSE', 'Urung', '19949 West Terrace'),
(628, 'Philippines', 'NASDAQ', 'San Mariano', '3 Montana Hill'),
(629, 'Japan', 'NYSE', 'Naze', '52 Emmet Point'),
(630, 'France', 'NASDAQ', 'Lorient', '221 Tennessee Road'),
(631, 'Croatia', 'NASDAQ', 'Stari Grad', '49788 Hoepker Drive'),
(632, 'Brazil', 'NYSE', 'São Luís de Montes Belos', '97160 Birchwood Way'),
(633, 'China', 'NYSE', 'Xidoupu', '70399 Reindahl Avenue'),
(634, 'Russia', 'NASDAQ', 'Itum-Kali', '5554 Dryden Road'),
(635, 'Indonesia', 'NYSE', 'Oehala', '39177 Doe Crossing Road'),
(636, 'Indonesia', 'NASDAQ', 'Guay', '174 Talmadge Avenue'),
(637, 'China', 'NYSE', 'Jinhe', '6 Springview Street'),
(638, 'Portugal', 'NASDAQ', 'Quintas', '4940 Rusk Point'),
(639, 'China', 'NYSE', 'Tongjing', '30336 Declaration Avenue'),
(640, 'Dominican Republic', 'NASDAQ', 'Moca', '187 Hallows Circle'),
(641, 'Russia', 'NYSE', 'Gorbatov', '5 Shasta Hill'),
(642, 'France', 'NYSE', 'Rennes', '59121 Pond Place'),
(643, 'China', 'NYSE', 'Beilun', '82431 Rigney Park'),
(644, 'Ireland', 'NASDAQ', 'Blarney', '5674 Moulton Way'),
(645, 'Sweden', 'NASDAQ', 'Tierp', '0519 Harbort Terrace'),
(646, 'Russia', 'NYSE', 'Sernovodsk', '1657 Novick Terrace'),
(647, 'China', 'NYSE', 'Xuebu', '23519 Westerfield Road'),
(648, 'Colombia', 'NASDAQ', 'Piojó', '9627 Eagle Crest Avenue'),
(649, 'Brazil', 'NASDAQ', 'São Bernardo do Campo', '1120 Killdeer Street'),
(650, 'United States', 'NASDAQ', 'Boston', '5 Steensland Center'),
(651, 'Indonesia', 'NASDAQ', 'Lamalera', '07123 Nova Park'),
(652, 'Philippines', 'NYSE', 'Villanueva', '93 Birchwood Lane'),
(653, 'Russia', 'NASDAQ', 'Pallasovka', '98 Glendale Parkway'),
(654, 'New Zealand', 'NYSE', 'Rothesay Bay', '59358 Heffernan Drive'),
(655, 'Indonesia', 'NYSE', 'Nonohonis', '73 Arkansas Trail'),
(656, 'United States', 'NYSE', 'Santa Fe', '968 West Drive'),
(657, 'China', 'NYSE', 'Xicheng', '148 Kenwood Point'),
(658, 'Indonesia', 'NYSE', 'Banjar Bongangede', '29447 Thompson Plaza'),
(659, 'Indonesia', 'NYSE', 'Mangseng', '7428 Marcy Trail'),
(660, 'Benin', 'NYSE', 'Porto-Novo', '96011 Rutledge Pass'),
(661, 'Sweden', 'NASDAQ', 'Lidköping', '37 Union Place'),
(662, 'Honduras', 'NYSE', 'Amapala', '983 Armistice Way'),
(663, 'China', 'NASDAQ', 'Qukou', '11066 Westport Way'),
(664, 'Ukraine', 'NASDAQ', 'Luts’k', '1695 Sauthoff Plaza'),
(665, 'Thailand', 'NASDAQ', 'Pathum Ratchawongsa', '4611 Becker Pass'),
(666, 'Russia', 'NYSE', 'Cherkasskoye', '59 6th Road'),
(667, 'Greece', 'NASDAQ', 'Empório', '457 Florence Hill'),
(668, 'Portugal', 'NYSE', 'Sanguinheira', '02 Surrey Trail'),
(669, 'Brazil', 'NYSE', 'Santo Amaro da Imperatriz', '99 Barby Street'),
(670, 'Sweden', 'NASDAQ', 'Västerås', '58604 Kropf Drive'),
(671, 'Indonesia', 'NASDAQ', 'Gogosuket', '93073 Chinook Parkway'),
(672, 'China', 'NASDAQ', 'Huangyang', '61714 Monica Junction'),
(673, 'Chile', 'NYSE', 'Nacimiento', '62 American Pass'),
(674, 'Democratic Republic of the Congo', 'NYSE', 'Bandundu', '6657 Dunning Lane'),
(675, 'France', 'NYSE', 'Béziers', '7406 Spenser Court'),
(676, 'Poland', 'NASDAQ', 'Kożuchów', '2 Karstens Plaza'),
(677, 'Brazil', 'NYSE', 'Itabaiana', '14367 Kropf Lane'),
(678, 'China', 'NASDAQ', 'Xiema', '5 Declaration Circle'),
(679, 'Israel', 'NASDAQ', 'Dabbūrīya', '09777 Arrowood Parkway'),
(680, 'Slovenia', 'NYSE', 'Ravne', '943 Hintze Court'),
(681, 'Iran', 'NYSE', 'Sarbīsheh', '674 Green Terrace'),
(682, 'Indonesia', 'NYSE', 'Sukajadi', '52482 Oak Valley Drive'),
(683, 'Portugal', 'NYSE', 'Azenha', '5146 Loeprich Park'),
(684, 'China', 'NYSE', 'Ulan Hua', '94 Messerschmidt Street'),
(685, 'Denmark', 'NYSE', 'København', '51 Birchwood Trail'),
(686, 'Czech Republic', 'NYSE', 'Chrast', '7140 Jenna Road'),
(687, 'France', 'NASDAQ', 'Nice', '9633 Harper Plaza'),
(688, 'Greece', 'NASDAQ', 'Kavála', '92 4th Place'),
(689, 'Poland', 'NYSE', 'Głubczyce', '35 Cody Junction'),
(690, 'Indonesia', 'NYSE', 'Oefatu', '46581 Kennedy Alley'),
(691, 'Philippines', 'NASDAQ', 'Alicia', '16211 Victoria Circle'),
(692, 'United States', 'NYSE', 'Boynton Beach', '71224 Mendota Plaza'),
(693, 'Malaysia', 'NASDAQ', 'Pasir Mas', '86 Milwaukee Crossing'),
(694, 'China', 'NASDAQ', 'Dadong', '9980 Golf Course Circle'),
(695, 'Argentina', 'NASDAQ', 'Almafuerte', '67 Petterle Plaza'),
(696, 'Pakistan', 'NYSE', 'Dera Bugti', '9359 Pankratz Drive'),
(697, 'Philippines', 'NASDAQ', 'General Luna', '343 Helena Pass'),
(698, 'Philippines', 'NYSE', 'Cama Juan', '48 Old Shore Place'),
(699, 'Peru', 'NASDAQ', 'La Huaca', '51894 Lawn Road'),
(700, 'Chile', 'NYSE', 'San Felipe', '04 Bashford Alley'),
(701, 'Brazil', 'NASDAQ', 'Rio das Ostras', '71 Glacier Hill Parkway'),
(702, 'Nigeria', 'NYSE', 'Kari', '20 Crownhardt Pass'),
(703, 'Canada', 'NYSE', 'Amos', '8598 Prairie Rose Trail'),
(704, 'Philippines', 'NYSE', 'Upig', '629 Dunning Point'),
(705, 'Argentina', 'NASDAQ', 'Saladas', '77 Laurel Park'),
(706, 'France', 'NYSE', 'Gentilly', '951 Northview Parkway'),
(707, 'Brazil', 'NYSE', 'Mogi das Cruzes', '110 Oxford Circle'),
(708, 'Morocco', 'NASDAQ', 'Goulmima', '14575 Sherman Way'),
(709, 'Swaziland', 'NYSE', 'Bhunya', '736 Pine View Drive'),
(710, 'Mongolia', 'NASDAQ', 'Bulgan', '49 Monument Lane'),
(711, 'United States', 'NYSE', 'Albuquerque', '53149 Darwin Crossing'),
(712, 'Paraguay', 'NASDAQ', 'Altos', '4991 Crescent Oaks Court'),
(713, 'Poland', 'NASDAQ', 'Bogdaniec', '71670 Melrose Court'),
(714, 'Hungary', 'NYSE', 'Budapest', '61 Kenwood Road'),
(715, 'Brazil', 'NYSE', 'Parnamirim', '3893 Bowman Terrace'),
(716, 'Vietnam', 'NYSE', 'Thị Trấn Việt Quang', '8773 Pine View Terrace'),
(717, 'Portugal', 'NASDAQ', 'Pomar', '69 Ilene Circle'),
(718, 'Guatemala', 'NASDAQ', 'Escuintla', '38 Arizona Court'),
(719, 'Peru', 'NYSE', 'Mamara', '41 Crescent Oaks Parkway'),
(720, 'Palestinian Territory', 'NYSE', 'Immātīn', '33325 Elmside Alley'),
(721, 'Philippines', 'NASDAQ', 'San Roque', '890 Anhalt Terrace'),
(722, 'Morocco', 'NYSE', 'Guisser', '5 Starling Park'),
(723, 'China', 'NASDAQ', 'Fushui', '19 Main Park'),
(724, 'Brazil', 'NASDAQ', 'Santa Vitória do Palmar', '2 Monterey Trail'),
(725, 'Colombia', 'NYSE', 'San Marcos', '3778 Menomonie Place'),
(726, 'Canada', 'NASDAQ', 'Saint-Eustache', '337 Bartillon Alley'),
(727, 'China', 'NASDAQ', 'Huangbu', '691 Myrtle Plaza'),
(728, 'Spain', 'NASDAQ', 'Santiago De Compostela', '0835 Brickson Park Center'),
(729, 'El Salvador', 'NASDAQ', 'Zacatecoluca', '7340 Clove Point'),
(730, 'Russia', 'NASDAQ', 'Dubrovka', '3 Loeprich Street'),
(731, 'China', 'NASDAQ', 'Fenggao', '65 Bobwhite Pass'),
(732, 'Malaysia', 'NYSE', 'Ipoh', '464 Forster Alley'),
(733, 'Poland', 'NASDAQ', 'Gorzkowice', '0794 Dawn Plaza'),
(734, 'Haiti', 'NYSE', 'Cerca la Source', '72004 Merrick Center'),
(735, 'Philippines', 'NYSE', 'Pandakan', '259 Golf View Place'),
(736, 'Uganda', 'NASDAQ', 'Njeru', '37 Westerfield Street'),
(737, 'Portugal', 'NYSE', 'Serra da Boa Viagem', '85451 Corben Place'),
(738, 'China', 'NYSE', 'A’ershan', '81056 Beilfuss Hill'),
(739, 'China', 'NYSE', 'Baochang', '917 Talisman Terrace'),
(740, 'Poland', 'NYSE', 'Rzepiennik Strzyżewski', '7 Arrowood Street'),
(741, 'Philippines', 'NASDAQ', 'Busdi', '90928 Londonderry Avenue'),
(742, 'Peru', 'NYSE', 'El Cardo', '5 Reinke Parkway'),
(743, 'Portugal', 'NASDAQ', 'Casal Novo', '9840 Burning Wood Pass'),
(744, 'Indonesia', 'NASDAQ', 'Jatirejo', '7 Toban Court'),
(745, 'United States', 'NASDAQ', 'New York City', '95 Lunder Pass'),
(746, 'Philippines', 'NASDAQ', 'San Juan', '35935 Crowley Lane'),
(747, 'Indonesia', 'NYSE', 'Klagen', '863 Macpherson Junction'),
(748, 'Sweden', 'NASDAQ', 'Kvänum', '8 Buena Vista Crossing'),
(749, 'France', 'NYSE', 'Troyes', '40478 Dwight Point'),
(750, 'Portugal', 'NASDAQ', 'Cachadinha', '0316 New Castle Crossing'),
(751, 'Haiti', 'NYSE', 'Cabaret', '5 Northwestern Way'),
(752, 'Russia', 'NYSE', 'Novyy', '63 Lukken Junction'),
(753, 'Albania', 'NYSE', 'Lekaj', '776 Havey Place'),
(754, 'Brazil', 'NYSE', 'Pacaembu', '82890 Vera Terrace'),
(755, 'Colombia', 'NASDAQ', 'Arbeláez', '8 Arrowood Point'),
(756, 'China', 'NYSE', 'Chang’an', '84 Browning Way'),
(757, 'Peru', 'NYSE', 'Chocos', '5932 Northridge Alley'),
(758, 'China', 'NYSE', 'Lijiapu', '9510 Golden Leaf Center'),
(759, 'Philippines', 'NASDAQ', 'Aguilar', '13 Bluestem Avenue'),
(760, 'China', 'NASDAQ', 'Jingyao', '118 Delladonna Avenue'),
(761, 'Croatia', 'NYSE', 'Dežanovac', '755 Dawn Drive'),
(762, 'China', 'NASDAQ', 'Huoshaoping', '2 Chinook Hill'),
(763, 'Madagascar', 'NASDAQ', 'Andapa', '586 Tony Terrace'),
(764, 'China', 'NYSE', 'Chengxiang', '49 Merchant Center'),
(765, 'France', 'NASDAQ', 'Grenoble', '75807 Pearson Court'),
(766, 'United States', 'NYSE', 'Warren', '5 Arrowood Junction'),
(767, 'Argentina', 'NASDAQ', 'San Agustín de Valle Fértil', '2742 Superior Pass'),
(768, 'Croatia', 'NYSE', 'Bršadin', '0079 Westerfield Pass'),
(769, 'Poland', 'NASDAQ', 'Gromnik', '230 Merchant Terrace'),
(770, 'Greenland', 'NASDAQ', 'Narsaq', '129 Hoepker Road'),
(771, 'Malaysia', 'NASDAQ', 'Kuala Terengganu', '91311 Eastwood Hill'),
(772, 'Czech Republic', 'NYSE', 'Svoboda nad Úpou', '130 Westport Terrace'),
(773, 'Costa Rica', 'NYSE', 'Puntarenas', '60544 Upham Terrace'),
(774, 'Mexico', 'NYSE', 'Francisco I Madero', '99510 Hintze Trail'),
(775, 'Poland', 'NASDAQ', 'Tuchomie', '99 Claremont Plaza'),
(776, 'Brazil', 'NYSE', 'Guaçuí', '4936 Riverside Crossing'),
(777, 'Indonesia', 'NYSE', 'Samangawah', '2 Russell Point'),
(778, 'Afghanistan', 'NYSE', 'Khōshāmand', '3169 7th Center'),
(779, 'Indonesia', 'NASDAQ', 'Wailolung', '8763 Bunting Junction'),
(780, 'China', 'NASDAQ', 'Hangbu', '17 Spaight Alley'),
(781, 'Indonesia', 'NYSE', 'Bokat', '8164 Blue Bill Park Trail'),
(782, 'Kazakhstan', 'NASDAQ', 'Akzhal', '0334 Hoffman Way'),
(783, 'Kazakhstan', 'NASDAQ', 'Karagandy', '5 John Wall Junction'),
(784, 'Slovenia', 'NASDAQ', 'Moste', '6743 Thierer Circle'),
(785, 'Bulgaria', 'NYSE', 'Perushtitsa', '3 Ridge Oak Point'),
(786, 'South Africa', 'NASDAQ', 'Duiwelskloof', '3001 Del Sol Trail'),
(787, 'United Kingdom', 'NASDAQ', 'Linton', '7006 Crowley Street'),
(788, 'Honduras', 'NYSE', 'Camalote', '41 Mockingbird Road'),
(789, 'Philippines', 'NYSE', 'Osias', '39 Aberg Avenue'),
(790, 'France', 'NASDAQ', 'Nanterre', '3 Banding Alley'),
(791, 'Netherlands', 'NYSE', 'Emmen', '9 Sunbrook Junction'),
(792, 'Venezuela', 'NASDAQ', 'San Francisco de Yare', '45 Fairfield Plaza'),
(793, 'Iran', 'NYSE', 'Tāybād', '87285 Fulton Avenue'),
(794, 'Panama', 'NASDAQ', 'Pueblo Nuevo', '5265 Texas Court'),
(795, 'Poland', 'NASDAQ', 'Gorzyczki', '86159 Saint Paul Trail'),
(796, 'Colombia', 'NYSE', 'Plato', '982 Fair Oaks Hill'),
(797, 'China', 'NASDAQ', 'Simapu', '31727 Grayhawk Circle'),
(798, 'Philippines', 'NYSE', 'Villanueva', '69348 Melvin Hill'),
(799, 'Greece', 'NASDAQ', 'Nidri', '5 Briar Crest Pass'),
(800, 'South Africa', 'NYSE', 'Middelburg', '15632 Jay Park'),
(801, 'Portugal', 'NASDAQ', 'Lemende', '40 Montana Junction'),
(802, 'Greece', 'NYSE', 'Pásion', '8125 Nobel Center'),
(803, 'France', 'NASDAQ', 'Paris 08', '34961 Duke Point'),
(804, 'China', 'NYSE', 'Jiuhua', '6744 Fair Oaks Lane'),
(805, 'Portugal', 'NYSE', 'Vide', '74 Loeprich Drive'),
(806, 'Philippines', 'NYSE', 'Lianga', '074 Moose Drive'),
(807, 'Argentina', 'NASDAQ', 'Mariano Moreno', '2427 Reinke Place'),
(808, 'Czech Republic', 'NYSE', 'Hudlice', '96 Bayside Trail'),
(809, 'Guatemala', 'NASDAQ', 'San Francisco Zapotitlán', '52560 Novick Lane'),
(810, 'Brazil', 'NYSE', 'Posse', '85680 Summerview Park'),
(811, 'Indonesia', 'NYSE', 'Talambung Laok', '1708 Monument Street'),
(812, 'United States', 'NYSE', 'Atlanta', '0460 Toban Trail'),
(813, 'Indonesia', 'NASDAQ', 'Purwosari', '4873 Mendota Hill'),
(814, 'Thailand', 'NASDAQ', 'Wiset Chaichan', '6828 Dorton Circle'),
(815, 'China', 'NASDAQ', 'Gujun', '8 Troy Park'),
(816, 'Indonesia', 'NASDAQ', 'Wongka', '49461 Park Meadow Trail'),
(817, 'Venezuela', 'NYSE', 'El Hatillo', '82 Dixon Place'),
(818, 'China', 'NYSE', 'Xiadian', '655 Meadow Ridge Point'),
(819, 'Japan', 'NASDAQ', 'Mitsuke', '34 Shoshone Circle'),
(820, 'China', 'NYSE', 'Shuanglong', '05 Hagan Place'),
(821, 'Russia', 'NASDAQ', 'Konstantinovsk', '255 Grayhawk Alley'),
(822, 'China', 'NASDAQ', 'Guotan', '8415 Rigney Park'),
(823, 'Panama', 'NYSE', 'Mulatupo', '339 Delaware Center'),
(824, 'China', 'NASDAQ', 'Puqian', '05 Derek Court'),
(825, 'Brazil', 'NYSE', 'Laranjeiras do Sul', '5641 Jenna Point'),
(826, 'Indonesia', 'NYSE', 'Sungai Iyu', '9 Grasskamp Crossing'),
(827, 'Hungary', 'NASDAQ', 'Budapest', '0987 Declaration Alley'),
(828, 'China', 'NYSE', 'Liulin', '25451 Tennessee Circle'),
(829, 'France', 'NASDAQ', 'Champigny-sur-Marne', '4 Lakewood Center'),
(830, 'Indonesia', 'NASDAQ', 'Binuangeun', '7 Ruskin Hill'),
(831, 'Uzbekistan', 'NASDAQ', 'Kogon', '181 Birchwood Lane'),
(832, 'Czech Republic', 'NYSE', 'Dolní Studénky', '9 Kennedy Hill'),
(833, 'Sweden', 'NYSE', 'Karlstad', '4 Fairview Parkway'),
(834, 'Indonesia', 'NYSE', 'Ares Tengah', '7064 Lakewood Gardens Avenue'),
(835, 'Latvia', 'NYSE', 'Ķegums', '0409 Del Mar Circle'),
(836, 'Colombia', 'NASDAQ', 'Arjona', '47 Sloan Junction');
INSERT INTO `partners` (`id`, `country`, `name`, `city`, `address`) VALUES
(837, 'Armenia', 'NASDAQ', 'Bambakashat', '1894 Farragut Lane'),
(838, 'Indonesia', 'NASDAQ', 'Cibiru', '30 Hauk Point'),
(839, 'Azerbaijan', 'NASDAQ', 'Yeni Suraxanı', '08765 Saint Paul Plaza'),
(840, 'Italy', 'NASDAQ', 'Bologna', '1140 Pine View Court'),
(841, 'France', 'NASDAQ', 'Lomme', '8427 Redwing Avenue'),
(842, 'China', 'NASDAQ', 'Taihe', '57407 Oriole Point'),
(843, 'Russia', 'NASDAQ', 'Sofrino', '935 Myrtle Drive'),
(844, 'China', 'NASDAQ', 'Liuge', '4461 Hagan Drive'),
(845, 'Armenia', 'NASDAQ', 'Armavir', '5454 Huxley Trail'),
(846, 'China', 'NASDAQ', 'Xiping', '2 Summerview Lane'),
(847, 'Mexico', 'NASDAQ', 'La Libertad', '038 Johnson Center'),
(848, 'Finland', 'NYSE', 'Urjala', '5 Bartillon Junction'),
(849, 'Hungary', 'NASDAQ', 'Székesfehérvár', '2 Badeau Pass'),
(850, 'Indonesia', 'NASDAQ', 'Mersam', '8 Melody Circle'),
(851, 'Democratic Republic of the Congo', 'NASDAQ', 'Inongo', '3148 Bonner Terrace'),
(852, 'China', 'NASDAQ', 'Songshan', '8693 Crescent Oaks Street'),
(853, 'Sweden', 'NYSE', 'Horred', '29744 Nelson Pass'),
(854, 'China', 'NYSE', 'Chaoyang', '95 Goodland Plaza'),
(855, 'North Korea', 'NASDAQ', 'Najin', '6 Dwight Hill'),
(856, 'Indonesia', 'NASDAQ', 'Tualangcut', '9381 Spaight Place'),
(857, 'Ukraine', 'NYSE', 'Apostolove', '7820 Caliangt Hill'),
(858, 'Thailand', 'NYSE', 'Thepharak', '8 Dunning Street'),
(859, 'Angola', 'NASDAQ', 'Caxito', '6 Dryden Circle'),
(860, 'China', 'NYSE', 'Baisha', '4 Marquette Trail'),
(861, 'Czech Republic', 'NASDAQ', 'Studená', '97279 Cherokee Hill'),
(862, 'United Kingdom', 'NASDAQ', 'Eaton', '49 Florence Avenue'),
(863, 'Indonesia', 'NYSE', 'Mayang', '2861 John Wall Parkway'),
(864, 'Vietnam', 'NASDAQ', 'Phú Thái', '7146 Iowa Pass'),
(865, 'China', 'NASDAQ', 'Hanting', '503 Pond Lane'),
(866, 'Indonesia', 'NYSE', 'Delok', '5617 Erie Park'),
(867, 'Peru', 'NYSE', 'Pampas Chico', '47 Delaware Crossing'),
(868, 'Paraguay', 'NASDAQ', 'Caacupé', '991 Hermina Lane'),
(869, 'Finland', 'NASDAQ', 'Varkaus', '44 Springs Lane'),
(870, 'Yemen', 'NYSE', 'Māwiyah', '815 Daystar Park'),
(871, 'Czech Republic', 'NASDAQ', 'Kout na Šumavě', '384 Kingsford Point'),
(872, 'Russia', 'NASDAQ', 'Ryazhsk', '3456 Bultman Street'),
(873, 'Iraq', 'NYSE', 'Al ‘Awjah', '6710 Badeau Point'),
(874, 'Argentina', 'NYSE', 'Tinogasta', '6668 American Park'),
(875, 'Egypt', 'NASDAQ', 'Al Manşūrah', '07402 Kim Plaza'),
(876, 'Japan', 'NASDAQ', 'Tōkamachi', '13 Monument Court'),
(877, 'Japan', 'NASDAQ', 'Kumamoto', '1725 Barnett Drive'),
(878, 'Dominican Republic', 'NYSE', 'Las Matas de Santa Cruz', '12599 Prairieview Place'),
(879, 'Greece', 'NASDAQ', 'Rizómata', '9002 Leroy Park'),
(880, 'Russia', 'NASDAQ', 'Teryayevo', '8382 Jay Lane'),
(881, 'China', 'NYSE', 'Jiangduo', '699 Texas Point'),
(882, 'Lithuania', 'NASDAQ', 'Rūdiškės', '0417 Corry Center'),
(883, 'Brazil', 'NYSE', 'Peruíbe', '8622 Summer Ridge Lane'),
(884, 'China', 'NASDAQ', 'Chexi', '2 Dryden Street'),
(885, 'Colombia', 'NASDAQ', 'Betania', '258 Lien Center'),
(886, 'Portugal', 'NYSE', 'Lau', '9 Pine View Parkway'),
(887, 'China', 'NASDAQ', 'Zhujiatai', '9 Debra Hill'),
(888, 'China', 'NASDAQ', 'Yonghe', '1 Arrowood Plaza'),
(889, 'China', 'NASDAQ', 'Ciyu', '6 Little Fleur Way'),
(890, 'Mexico', 'NYSE', 'Niños Heroes', '6831 Cardinal Circle'),
(891, 'Philippines', 'NYSE', 'Masaguisi', '96522 Northfield Point'),
(892, 'Sweden', 'NYSE', 'Ellös', '386 Homewood Trail'),
(893, 'Russia', 'NASDAQ', 'Vesëlyy', '94149 Fairview Place'),
(894, 'Iran', 'NASDAQ', 'Shahrak-e Bākharz', '511 Fairview Parkway'),
(895, 'Portugal', 'NASDAQ', 'São Bartolomeu', '3 Gateway Drive'),
(896, 'Japan', 'NYSE', 'Ginowan', '90267 Maryland Parkway'),
(897, 'Portugal', 'NYSE', 'São Pedro de Muel', '6 Briar Crest Alley'),
(898, 'China', 'NASDAQ', 'Balin', '84219 Crescent Oaks Trail'),
(899, 'Poland', 'NYSE', 'Wrocław', '6 Oakridge Circle'),
(900, 'Indonesia', 'NASDAQ', 'Sidowayah Lor', '29840 Warrior Drive'),
(901, 'China', 'NASDAQ', 'Lantian', '21 Jay Parkway'),
(902, 'China', 'NYSE', 'Mingcheng', '1519 Homewood Street'),
(903, 'United States', 'NYSE', 'Birmingham', '9 Atwood Junction'),
(904, 'Panama', 'NASDAQ', 'Panamá', '68 Porter Circle'),
(905, 'Russia', 'NASDAQ', 'Krasnoyarka', '1892 Kensington Court'),
(906, 'Russia', 'NYSE', 'Shchëkino', '981 Hoard Alley'),
(907, 'Portugal', 'NASDAQ', 'Mouquim', '465 Iowa Circle'),
(908, 'Sweden', 'NASDAQ', 'Gislaved', '990 School Alley'),
(909, 'Philippines', 'NASDAQ', 'Bailan', '60319 Cordelia Street'),
(910, 'Indonesia', 'NASDAQ', 'Mandala', '795 Macpherson Way'),
(911, 'Spain', 'NYSE', 'Santa Cruz De Tenerife', '7301 Vernon Drive'),
(912, 'Russia', 'NYSE', 'Zapolyarnyy', '24 Fairview Lane'),
(913, 'China', 'NASDAQ', 'Shidu', '08 Sunnyside Pass'),
(914, 'Pakistan', 'NASDAQ', 'Kāleke Mandi', '616 Westport Crossing'),
(915, 'Finland', 'NASDAQ', 'Joroinen', '2 Comanche Parkway'),
(916, 'United States', 'NASDAQ', 'San Diego', '0620 Amoth Place'),
(917, 'Poland', 'NASDAQ', 'Błażowa', '1133 Killdeer Junction'),
(918, 'Indonesia', 'NASDAQ', 'Deranitan', '63 Buhler Place'),
(919, 'Indonesia', 'NYSE', 'Salamwates', '1997 Dayton Street'),
(920, 'Portugal', 'NASDAQ', 'Escola', '435 Swallow Parkway'),
(921, 'Argentina', 'NYSE', 'Campana', '5 Pennsylvania Pass'),
(922, 'Japan', 'NASDAQ', 'Takefu', '031 Rockefeller Terrace'),
(923, 'Brazil', 'NASDAQ', 'Taiobeiras', '63561 School Parkway'),
(924, 'China', 'NASDAQ', 'Qingping', '9 Sullivan Lane'),
(925, 'Colombia', 'NYSE', 'Carmen de Viboral', '41048 Birchwood Way'),
(926, 'Philippines', 'NASDAQ', 'Buliwao', '9493 Bashford Plaza'),
(927, 'Indonesia', 'NYSE', 'Perjuangan', '70 Vera Crossing'),
(928, 'China', 'NASDAQ', 'Jiannan', '7 Sugar Crossing'),
(929, 'Angola', 'NYSE', 'Nzeto', '7 Trailsway Street'),
(930, 'Indonesia', 'NASDAQ', 'Krapyak Kidul', '36 Dryden Park'),
(931, 'Philippines', 'NYSE', 'MacArthur', '2973 2nd Lane'),
(932, 'Japan', 'NASDAQ', 'Nakano', '3470 Sutherland Point'),
(933, 'Kazakhstan', 'NYSE', 'Belköl', '2100 Commercial Park'),
(934, 'France', 'NYSE', 'Dijon', '22810 School Crossing'),
(935, 'Russia', 'NYSE', 'Muranovo', '69534 Petterle Lane'),
(936, 'Greece', 'NYSE', 'Ambelókipoi', '60 Merry Court'),
(937, 'Poland', 'NYSE', 'Palcza', '00 Hermina Park'),
(938, 'Mexico', 'NYSE', 'Nicolas Bravo', '284 Gateway Park'),
(939, 'Russia', 'NYSE', 'Zapolyarnyy', '6 Fieldstone Circle'),
(940, 'Brazil', 'NYSE', 'Abreu e Lima', '122 Mosinee Pass'),
(941, 'United States', 'NASDAQ', 'Wilkes Barre', '7 Hayes Circle'),
(942, 'Latvia', 'NYSE', 'Bolderaja', '9 Nevada Center'),
(943, 'Brazil', 'NYSE', 'Gandu', '680 Eggendart Park'),
(944, 'El Salvador', 'NASDAQ', 'Guaymango', '004 Dexter Avenue'),
(945, 'Sweden', 'NYSE', 'Skärhamn', '76 Cherokee Junction'),
(946, 'Palestinian Territory', 'NASDAQ', 'Baytā al Fawqā', '03 Mesta Road'),
(947, 'Russia', 'NASDAQ', 'Mikhaylovsk', '24 Village Road'),
(948, 'Czech Republic', 'NYSE', 'Štěchovice', '18 Logan Lane'),
(949, 'Saudi Arabia', 'NASDAQ', 'As Sulayyil', '444 Lyons Pass'),
(950, 'China', 'NYSE', 'Shilong', '460 Stephen Trail'),
(951, 'China', 'NASDAQ', 'Hedong', '629 Talmadge Point'),
(952, 'Philippines', 'NYSE', 'Libertad', '503 Ryan Center'),
(953, 'Japan', 'NYSE', 'Chino', '859 Hermina Road'),
(954, 'El Salvador', 'NYSE', 'Cacaopera', '442 Eliot Hill'),
(955, 'Madagascar', 'NYSE', 'Sambava', '75595 Katie Hill'),
(956, 'Portugal', 'NYSE', 'Alvito de São Pedro', '07 Fairfield Junction'),
(957, 'Russia', 'NYSE', 'Syktyvkar', '1683 Monument Alley'),
(958, 'Honduras', 'NYSE', 'Protección', '179 2nd Hill'),
(959, 'Pakistan', 'NYSE', 'Jām Sāhib', '33 Lyons Park'),
(960, 'Kenya', 'NASDAQ', 'Malaba', '0308 Elka Junction'),
(961, 'China', 'NASDAQ', 'Xambabazar', '54 Farmco Hill'),
(962, 'Japan', 'NYSE', 'Ichinoseki', '6 Moulton Lane'),
(963, 'Indonesia', 'NASDAQ', 'Kalianyar Selatan', '8 Caliangt Crossing'),
(964, 'Ghana', 'NASDAQ', 'Bibiani', '782 Portage Trail'),
(965, 'Brazil', 'NASDAQ', 'Bagé', '2458 Algoma Circle'),
(966, 'Indonesia', 'NASDAQ', 'Nempel', '435 Anniversary Trail'),
(967, 'Colombia', 'NASDAQ', 'Mocoa', '2 Montana Park'),
(968, 'Brazil', 'NYSE', 'Januária', '5332 Vernon Circle'),
(969, 'Afghanistan', 'NYSE', 'Khūgyāṉī', '93111 Ridge Oak Hill'),
(970, 'Vietnam', 'NASDAQ', 'Thị Trấn Tân Yên', '14588 Donald Road'),
(971, 'Portugal', 'NASDAQ', 'Nogueira da Regedoura', '750 Welch Crossing'),
(972, 'Kazakhstan', 'NYSE', 'Tekeli', '224 Continental Road'),
(973, 'Philippines', 'NASDAQ', 'Carmelo', '8 Garrison Avenue'),
(974, 'Macedonia', 'NYSE', 'Pehčevo', '5 Blue Bill Park Plaza'),
(975, 'United States', 'NYSE', 'Saint Augustine', '0357 Dexter Crossing'),
(976, 'Brazil', 'NYSE', 'Conceição das Alagoas', '14 Scofield Parkway'),
(977, 'Japan', 'NYSE', 'Kushiro', '189 Sycamore Terrace'),
(978, 'New Zealand', 'NYSE', 'Gore', '4 Shoshone Drive'),
(979, 'Nigeria', 'NASDAQ', 'Ake-Eze', '0 Service Lane'),
(980, 'Greece', 'NASDAQ', 'Tsákoi', '84690 Stuart Parkway'),
(981, 'North Korea', 'NYSE', 'Kanggye-si', '70990 Lighthouse Bay Lane'),
(982, 'China', 'NASDAQ', 'Lecheng', '5 Huxley Lane'),
(983, 'Finland', 'NASDAQ', 'Kiikala', '5 Anhalt Court'),
(984, 'China', 'NASDAQ', 'Hualongyan', '680 Quincy Center'),
(985, 'Slovenia', 'NASDAQ', 'Gornji Grad', '44 Monica Alley'),
(986, 'Peru', 'NASDAQ', 'Chugur', '831 Michigan Street'),
(987, 'China', 'NASDAQ', 'Zaoshi', '208 Old Gate Parkway'),
(988, 'Estonia', 'NASDAQ', 'Loo', '3729 Myrtle Center'),
(989, 'China', 'NASDAQ', 'Zhamao', '18117 1st Pass'),
(990, 'France', 'NYSE', 'Le Mans', '054 Vermont Way'),
(991, 'Poland', 'NYSE', 'Ursynów', '1 Cambridge Pass'),
(992, 'Indonesia', 'NYSE', 'Klatakan', '2 Heffernan Alley'),
(993, 'Indonesia', 'NYSE', 'Kauhan', '491 Crownhardt Center'),
(994, 'Sweden', 'NASDAQ', 'Vännäs', '59 Hovde Road'),
(995, 'Slovenia', 'NYSE', 'Lavrica', '999 Michigan Hill'),
(996, 'Philippines', 'NYSE', 'Magay', '9842 Stephen Alley'),
(997, 'Brazil', 'NYSE', 'Boca do Acre', '49 Scott Place'),
(998, 'China', 'NYSE', 'Renhe', '07 Fair Oaks Trail'),
(999, 'Kazakhstan', 'NYSE', 'Georgīevka', '81103 Montana Street'),
(1000, 'Indonesia', 'NASDAQ', 'Pordapor Barat', '4 Monterey Pass');

-- --------------------------------------------------------

--
-- Структура таблицы `products`
--

CREATE TABLE `products` (
  `id` int(11) NOT NULL,
  `partner_id` int(11) NOT NULL,
  `name` varchar(50) NOT NULL,
  `model` varchar(50) NOT NULL,
  `year` varchar(50) NOT NULL
) ENGINE=InnoDB DEFAULT CHARSET=utf8mb4;

--
-- Дамп данных таблицы `products`
--

INSERT INTO `products` (`id`, `partner_id`, `name`, `model`, `year`) VALUES
(1, 85, 'GMC', 'Canyon', '2008'),
(2, 1, 'Audi', 'R8', '2008'),
(3, 19, 'Volkswagen', 'Golf III', '1993'),
(4, 41, 'Mitsubishi', 'Montero Sport', '1999'),
(5, 81, 'Honda', 'Accord', '1991'),
(6, 57, 'Honda', 'Insight', '2006'),
(7, 22, 'Pontiac', 'Solstice', '2006'),
(8, 62, 'Chevrolet', 'Aveo', '2004'),
(9, 33, 'Mercury', 'Sable', '1994'),
(10, 70, 'Saab', '900', '1998'),
(11, 87, 'Mazda', 'MPV', '1994'),
(12, 7, 'Mitsubishi', 'Pajero', '1985'),
(13, 92, 'Chevrolet', 'Express 1500', '2006'),
(14, 86, 'Ford', 'E350', '2009'),
(15, 74, 'Maserati', 'Gran Sport', '2005'),
(16, 77, 'Dodge', 'Ram Van 3500', '1995'),
(17, 15, 'Mazda', 'Protege', '1994'),
(18, 35, 'Jeep', 'Cherokee', '1998'),
(19, 94, 'Mercury', 'Grand Marquis', '1993'),
(20, 1, 'Ferrari', '458 Italia', '2012'),
(21, 50, 'Ford', 'Edge', '2007'),
(22, 87, 'Suzuki', 'Daewoo Lacetti', '2006'),
(23, 32, 'Pontiac', 'Bonneville', '1988'),
(24, 39, 'Mazda', 'Navajo', '1994'),
(25, 17, 'Mercedes-Benz', 'SLR McLaren', '2008'),
(26, 39, 'Porsche', 'Boxster', '2008'),
(27, 48, 'Chevrolet', '3500', '1999'),
(28, 76, 'Lotus', 'Esprit', '1994'),
(29, 79, 'Kia', 'Sorento', '2005'),
(30, 8, 'Isuzu', 'Amigo', '1992'),
(31, 88, 'Pontiac', 'Tempest', '1961'),
(32, 63, 'Ford', 'Mustang', '1971'),
(33, 51, 'Audi', 'A8', '2001'),
(34, 43, 'Lexus', 'ES', '2000'),
(35, 8, 'Oldsmobile', '88', '1992'),
(36, 42, 'Saab', '900', '1995'),
(37, 5, 'Toyota', 'T100', '1993'),
(38, 56, 'MINI', 'Cooper', '2002'),
(39, 60, 'Mercury', 'Mystique', '1997'),
(40, 43, 'Chevrolet', 'Sportvan G20', '1995'),
(41, 52, 'Plymouth', 'Laser', '1989'),
(42, 16, 'Land Rover', 'Discovery Series II', '1999'),
(43, 20, 'Ferrari', '458 Italia', '2010'),
(44, 17, 'Volvo', '960', '1992'),
(45, 14, 'Lexus', 'IS', '2004'),
(46, 65, 'GMC', 'Safari', '2000'),
(47, 23, 'Jaguar', 'X-Type', '2003'),
(48, 27, 'Nissan', 'NX', '1993'),
(49, 81, 'Mercury', 'Lynx', '1987'),
(50, 66, 'BMW', 'M3', '2006'),
(51, 27, 'Chrysler', 'LHS', '1994'),
(52, 71, 'Chevrolet', 'Tahoe', '1999'),
(53, 25, 'Pontiac', 'GTO', '2005'),
(54, 26, 'Suzuki', 'Esteem', '2002'),
(55, 51, 'Hyundai', 'Equus', '2011'),
(56, 33, 'Chevrolet', '1500', '1999'),
(57, 33, 'Jeep', 'Liberty', '2009'),
(58, 97, 'Oldsmobile', 'Alero', '2002'),
(59, 87, 'Chevrolet', 'Corvette', '2007'),
(60, 44, 'MINI', 'Cooper', '2005'),
(61, 69, 'Ford', 'F-Series', '2001'),
(62, 47, 'Acura', 'TL', '2004'),
(63, 70, 'Honda', 'Prelude', '1996'),
(64, 19, 'Saturn', 'Relay', '2007'),
(65, 32, 'Dodge', 'Colt', '1993'),
(66, 93, 'Mercury', 'Topaz', '1987'),
(67, 12, 'Ford', 'LTD Crown Victoria', '1990'),
(68, 26, 'Maserati', 'GranTurismo', '2012'),
(69, 1, 'GMC', 'Yukon', '2011'),
(70, 86, 'Kia', 'Optima', '2012'),
(71, 99, 'Mitsubishi', 'Precis', '1992'),
(72, 2, 'Cadillac', 'CTS', '2007'),
(73, 84, 'BMW', 'M5', '2003'),
(74, 31, 'Toyota', 'Prius Plug-in Hybrid', '2012'),
(75, 50, 'Oldsmobile', 'Cutlass Supreme', '1993'),
(76, 31, 'Buick', 'Regal', '1988'),
(77, 16, 'Toyota', 'Highlander', '2001'),
(78, 9, 'Mazda', 'MX-5', '1997'),
(79, 70, 'Honda', 'Odyssey', '1996'),
(80, 32, 'Suzuki', 'Daewoo Magnus', '2005'),
(81, 93, 'Mercury', 'Grand Marquis', '2011'),
(82, 73, 'Cadillac', 'Escalade EXT', '2012'),
(83, 32, 'Honda', 'Pilot', '2003'),
(84, 38, 'Honda', 'CR-X', '1985'),
(85, 36, 'Land Rover', 'Defender', '1993'),
(86, 63, 'Chevrolet', 'Suburban 2500', '2009'),
(87, 4, 'Chrysler', 'Voyager', '2002'),
(88, 41, 'Porsche', '944', '1985'),
(89, 90, 'Ford', 'E150', '2010'),
(90, 39, 'Maybach', '57', '2006'),
(91, 69, 'Audi', '100', '1991'),
(92, 88, 'BMW', '525', '2004'),
(93, 38, 'Buick', 'Rainier', '2005'),
(94, 76, 'Maybach', '57', '2007'),
(95, 35, 'Volkswagen', 'Vanagon', '1984'),
(96, 36, 'Volkswagen', 'Eurovan', '1992'),
(97, 11, 'Volvo', 'V90', '1998'),
(98, 72, 'Mazda', 'MX-3', '1994'),
(99, 65, 'GMC', 'Safari', '2005'),
(100, 71, 'Chrysler', 'LHS', '1995'),
(101, 66, 'Jeep', 'Liberty', '2003'),
(102, 5, 'Rolls-Royce', 'Ghost', '2011'),
(103, 54, 'Cadillac', 'STS', '2005'),
(104, 39, 'GMC', 'Savana 1500', '1999'),
(105, 45, 'Lotus', 'Elise', '2008'),
(106, 9, 'Honda', 'Civic', '1990'),
(107, 29, 'BMW', 'M6', '2007'),
(108, 37, 'Lexus', 'IS', '2005'),
(109, 61, 'Saturn', 'Outlook', '2010'),
(110, 27, 'GMC', 'Sonoma', '2003'),
(111, 8, 'Chevrolet', 'Express 1500', '2010'),
(112, 91, 'Isuzu', 'VehiCROSS', '2000'),
(113, 35, 'Nissan', 'Altima', '2000'),
(114, 19, 'Lexus', 'GS', '2010'),
(115, 56, 'Nissan', 'Quest', '1998'),
(116, 37, 'Chevrolet', 'Silverado 1500', '2000'),
(117, 12, 'Volkswagen', 'R32', '2004'),
(118, 41, 'Lexus', 'LS', '2005'),
(119, 75, 'Ford', 'Flex', '2009'),
(120, 100, 'Mercedes-Benz', '600SL', '1993'),
(121, 57, 'Isuzu', 'Trooper', '1995'),
(122, 90, 'GMC', 'Yukon XL 1500', '2003'),
(123, 39, 'Hyundai', 'Accent', '2009'),
(124, 20, 'Suzuki', 'X-90', '1998'),
(125, 74, 'Maserati', 'Spyder', '2004'),
(126, 15, 'Nissan', 'NX', '1992'),
(127, 23, 'Audi', 'S5', '2010'),
(128, 38, 'Audi', '4000s Quattro', '1986'),
(129, 53, 'Mercedes-Benz', 'W201', '1990'),
(130, 9, 'Pontiac', 'LeMans', '1990'),
(131, 100, 'Nissan', '350Z', '2006'),
(132, 85, 'Toyota', 'Supra', '1998'),
(133, 55, 'Land Rover', 'Range Rover', '1992'),
(134, 69, 'Ford', 'Explorer', '2013'),
(135, 16, 'Kia', 'Sportage', '2008'),
(136, 36, 'Mitsubishi', 'Montero', '1997'),
(137, 13, 'Saturn', 'Outlook', '2010'),
(138, 66, 'Saab', '9000', '1990'),
(139, 1, 'Kia', 'Rio', '2003'),
(140, 79, 'Bentley', 'Continental GT', '2009'),
(141, 15, 'Volvo', '960', '1996'),
(142, 59, 'Dodge', 'Intrepid', '1998'),
(143, 50, 'Lexus', 'SC', '1995'),
(144, 29, 'Panoz', 'Esperante', '2008'),
(145, 65, 'Geo', 'Tracker', '1992'),
(146, 61, 'Honda', 'Accord', '1992'),
(147, 39, 'Mazda', 'Mazda3', '2012'),
(148, 79, 'Pontiac', 'Tempest', '1967'),
(149, 28, 'Mitsubishi', 'Montero', '1993'),
(150, 1, 'Mazda', 'Mazdaspeed 3', '2012'),
(151, 43, 'Cadillac', 'SRX', '2006'),
(152, 65, 'Ford', 'Taurus', '2007'),
(153, 27, 'GMC', 'Sonoma', '2003'),
(154, 71, 'Chevrolet', 'S10 Blazer', '1992'),
(155, 99, 'Nissan', 'Titan', '2011'),
(156, 26, 'Ford', 'F250', '2003'),
(157, 28, 'Subaru', 'Legacy', '2000'),
(158, 95, 'Toyota', 'Camry Solara', '2008'),
(159, 3, 'Pontiac', 'Grand Prix', '1980'),
(160, 29, 'Subaru', 'Legacy', '1992'),
(161, 53, 'Maybach', '62', '2005'),
(162, 92, 'Ford', 'Tempo', '1985'),
(163, 26, 'GMC', '1500 Club Coupe', '1993'),
(164, 94, 'Volkswagen', 'Cabriolet', '1995'),
(165, 29, 'Saab', '900', '1987'),
(166, 77, 'Mercedes-Benz', 'CLK-Class', '2001'),
(167, 95, 'Subaru', 'Outback', '2006'),
(168, 67, 'Ford', 'F-Series', '2011'),
(169, 22, 'Dodge', 'Daytona', '1992'),
(170, 87, 'Chevrolet', 'Malibu', '2000'),
(171, 59, 'Land Rover', 'Range Rover Sport', '2010'),
(172, 29, 'Ford', 'Freestar', '2007'),
(173, 8, 'Toyota', 'Land Cruiser', '2005'),
(174, 31, 'Nissan', 'Armada', '2005'),
(175, 12, 'Ford', 'Probe', '1992'),
(176, 6, 'Land Rover', 'LR2', '2011'),
(177, 42, 'Mercedes-Benz', 'SLK-Class', '2009'),
(178, 32, 'Toyota', 'Sequoia', '2006'),
(179, 81, 'Chevrolet', 'Cobalt', '2009'),
(180, 66, 'Nissan', 'Sentra', '1996'),
(181, 89, 'Volvo', 'C70', '2002'),
(182, 63, 'Ford', 'Edge', '2010'),
(183, 29, 'Oldsmobile', '88', '1992'),
(184, 36, 'Chevrolet', '3500', '1997'),
(185, 35, 'Chevrolet', 'Avalanche', '2011'),
(186, 96, 'GMC', 'Yukon', '2001'),
(187, 18, 'Chevrolet', 'Camaro', '1981'),
(188, 55, 'Dodge', 'Ram Van 3500', '1996'),
(189, 19, 'Chevrolet', 'Suburban 2500', '1997'),
(190, 6, 'Toyota', 'Land Cruiser', '2008'),
(191, 93, 'Suzuki', 'Kizashi', '2011'),
(192, 65, 'GMC', 'Savana 3500', '1997'),
(193, 28, 'Ford', 'F250', '1998'),
(194, 51, 'Volkswagen', 'GTI', '1990'),
(195, 38, 'Isuzu', 'Oasis', '1997'),
(196, 4, 'Hyundai', 'Tucson', '2006'),
(197, 32, 'Honda', 'Accord', '1985'),
(198, 4, 'Toyota', 'Venza', '2012'),
(199, 70, 'Infiniti', 'G37', '2011'),
(200, 48, 'Isuzu', 'Trooper', '1998'),
(201, 31, 'Plymouth', 'Voyager', '1998'),
(202, 44, 'Hyundai', 'Sonata', '1993'),
(203, 21, 'BMW', '5 Series', '2006'),
(204, 8, 'GMC', 'Jimmy', '1997'),
(205, 15, 'Saab', '900', '1989'),
(206, 61, 'Jeep', 'Wrangler', '1997'),
(207, 6, 'Buick', 'Regal', '1989'),
(208, 5, 'Jaguar', 'XJ Series', '1994'),
(209, 63, 'Kia', 'Forte', '2011'),
(210, 25, 'Mazda', 'RX-7', '1986'),
(211, 91, 'Mazda', 'MX-6', '1989'),
(212, 46, 'GMC', 'Sierra', '2008'),
(213, 92, 'Mitsubishi', 'Eclipse', '1994'),
(214, 44, 'Oldsmobile', 'Aurora', '1996'),
(215, 13, 'Nissan', 'Quest', '2007'),
(216, 50, 'Oldsmobile', 'Achieva', '1994'),
(217, 89, 'Subaru', 'Tribeca', '2011'),
(218, 75, 'Lotus', 'Esprit', '1991'),
(219, 72, 'Ford', 'Escort', '2001'),
(220, 76, 'Lexus', 'IS', '2009'),
(221, 59, 'Honda', 'Passport', '2000'),
(222, 82, 'Ford', 'Aspire', '1994'),
(223, 13, 'Hyundai', 'Tucson', '2008'),
(224, 75, 'Volkswagen', 'Golf', '2000'),
(225, 74, 'BMW', '7 Series', '2000'),
(226, 40, 'Dodge', 'Magnum', '2007'),
(227, 97, 'Toyota', 'Corolla', '2011'),
(228, 79, 'Dodge', 'Ram 1500 Club', '1999'),
(229, 16, 'Infiniti', 'FX', '2006'),
(230, 28, 'Toyota', 'Corolla', '1999'),
(231, 87, 'Land Rover', 'Range Rover', '2007'),
(232, 71, 'Acura', 'RL', '2005'),
(233, 1, 'Chevrolet', 'Silverado 1500', '1999'),
(234, 1, 'Chrysler', 'Imperial', '1993'),
(235, 98, 'Oldsmobile', 'Alero', '2002'),
(236, 78, 'Ford', 'Escort', '1995'),
(237, 9, 'Lincoln', 'MKT', '2010'),
(238, 85, 'Mercedes-Benz', 'CLK-Class', '2005'),
(239, 43, 'Land Rover', 'Range Rover', '2007'),
(240, 90, 'Suzuki', 'Cultus', '1985'),
(241, 2, 'Volkswagen', 'Golf', '2012'),
(242, 55, 'GMC', 'Sierra Hybrid', '2006'),
(243, 60, 'Honda', 'CR-V', '2006'),
(244, 88, 'Chevrolet', 'Venture', '2001'),
(245, 43, 'BMW', 'M3', '2005'),
(246, 13, 'Lincoln', 'MKZ', '2012'),
(247, 4, 'Acura', 'SLX', '1999'),
(248, 58, 'Toyota', '4Runner', '2000'),
(249, 49, 'Mitsubishi', 'Excel', '1987'),
(250, 42, 'Nissan', 'Titan', '2004'),
(251, 60, 'Mercedes-Benz', 'E-Class', '2010'),
(252, 87, 'Jeep', 'Cherokee', '1994'),
(253, 34, 'GMC', 'Savana 3500', '2007'),
(254, 60, 'Ford', 'Crown Victoria', '2003'),
(255, 77, 'GMC', 'Yukon XL 1500', '2012'),
(256, 85, 'Oldsmobile', '88', '1997'),
(257, 43, 'Mercedes-Benz', 'W201', '1990'),
(258, 100, 'Lincoln', 'Town Car', '1984'),
(259, 4, 'Ford', 'Escort', '1984'),
(260, 58, 'Chevrolet', 'Corvette', '2006'),
(261, 55, 'Porsche', 'Panamera', '2010'),
(262, 75, 'Mazda', 'B-Series Plus', '2002'),
(263, 97, 'Mercury', 'Grand Marquis', '1989'),
(264, 85, 'Acura', 'MDX', '2005'),
(265, 36, 'GMC', 'Vandura 2500', '1994'),
(266, 65, 'Saturn', 'VUE', '2007'),
(267, 12, 'Land Rover', 'Freelander', '2003'),
(268, 16, 'Dodge', 'Charger', '2008'),
(269, 89, 'GMC', 'Safari', '2005'),
(270, 83, 'Lincoln', 'Aviator', '2005'),
(271, 58, 'Ford', 'Festiva', '1991'),
(272, 85, 'Jeep', 'Grand Cherokee', '2008'),
(273, 35, 'Ford', 'Fusion', '2009'),
(274, 62, 'Dodge', 'Dakota Club', '1999'),
(275, 4, 'Chevrolet', 'Corvette', '1958'),
(276, 66, 'Pontiac', 'G5', '2009'),
(277, 98, 'Chevrolet', 'G-Series 2500', '1996'),
(278, 41, 'Chevrolet', 'LUV', '1979'),
(279, 20, 'Volkswagen', 'Corrado', '1991'),
(280, 62, 'Nissan', 'Xterra', '2002'),
(281, 99, 'Toyota', 'Xtra', '1994'),
(282, 48, 'Audi', '4000', '1987'),
(283, 30, 'Land Rover', 'Freelander', '2010'),
(284, 38, 'MINI', 'MINI', '2002'),
(285, 45, 'Pontiac', 'Montana', '2004'),
(286, 70, 'Volkswagen', 'Corrado', '1994'),
(287, 82, 'Mitsubishi', 'Endeavor', '2006'),
(288, 66, 'Jeep', 'Liberty', '2008'),
(289, 36, 'Chevrolet', 'Corvette', '1996'),
(290, 81, 'Nissan', 'Altima', '2004'),
(291, 91, 'Chevrolet', '1500', '1992'),
(292, 59, 'Infiniti', 'QX', '2012'),
(293, 2, 'Mitsubishi', 'Galant', '1990'),
(294, 51, 'Nissan', 'Altima', '1998'),
(295, 84, 'Land Rover', 'Freelander', '2004'),
(296, 97, 'Ford', 'Bronco II', '1984'),
(297, 31, 'Audi', 'RS 4', '2008'),
(298, 24, 'Mercedes-Benz', 'CLK-Class', '2005'),
(299, 99, 'Maybach', 'Landaulet', '2012'),
(300, 63, 'Lincoln', 'Mark VII', '1984'),
(301, 74, 'Infiniti', 'QX', '2007'),
(302, 99, 'Lexus', 'ES', '2004'),
(303, 48, 'Jeep', 'Grand Cherokee', '2008'),
(304, 96, 'Chrysler', 'Town & Country', '2008'),
(305, 45, 'Dodge', 'Ram 2500 Club', '1998'),
(306, 89, 'Acura', 'CL', '1997'),
(307, 82, 'Volkswagen', 'Passat', '1986'),
(308, 77, 'Jeep', 'Cherokee', '1997'),
(309, 91, 'Toyota', 'Tacoma Xtra', '2000'),
(310, 54, 'Nissan', 'Armada', '2008'),
(311, 79, 'Mitsubishi', 'Montero', '2006'),
(312, 27, 'Chevrolet', 'Express 1500', '2003'),
(313, 88, 'Mercury', 'Capri', '1985'),
(314, 53, 'Oldsmobile', '98', '1995'),
(315, 4, 'Chevrolet', 'Cobalt', '2006'),
(316, 41, 'Infiniti', 'G37', '2010'),
(317, 9, 'Cadillac', 'STS', '2008'),
(318, 42, 'Ferrari', 'F430 Spider', '2006'),
(319, 20, 'Saturn', 'Sky', '2008'),
(320, 24, 'Honda', 'Accord', '2012'),
(321, 41, 'Scion', 'xB', '2011'),
(322, 98, 'Mazda', 'CX-7', '2010'),
(323, 99, 'Bentley', 'Azure', '2006'),
(324, 78, 'Honda', 'Accord', '1998'),
(325, 69, 'Ford', 'Ranger', '1996'),
(326, 8, 'Buick', 'Coachbuilder', '1991'),
(327, 98, 'Toyota', 'Camry', '1997'),
(328, 17, 'Buick', 'Regal', '2003'),
(329, 75, 'Honda', 'Accord', '2011'),
(330, 37, 'BMW', '545', '2004'),
(331, 49, 'GMC', 'Savana 2500', '2001'),
(332, 56, 'Kia', 'Spectra', '2005'),
(333, 72, 'Mazda', 'MX-5', '2010'),
(334, 69, 'Volkswagen', 'R32', '2009'),
(335, 83, 'Ford', 'Focus', '2010'),
(336, 53, 'Lexus', 'LS', '2000'),
(337, 60, 'Pontiac', 'Solstice', '2006'),
(338, 39, 'Lotus', 'Exige', '2012'),
(339, 25, 'Ford', 'Lightning', '1994'),
(340, 87, 'Plymouth', 'Neon', '1995'),
(341, 1, 'Chevrolet', 'Suburban 2500', '2009'),
(342, 68, 'Pontiac', 'Parisienne', '1985'),
(343, 22, 'Pontiac', 'Sunfire', '2005'),
(344, 36, 'Kia', 'Soul', '2010'),
(345, 85, 'Ford', 'Mustang', '1997'),
(346, 13, 'Toyota', 'Prius', '2006'),
(347, 7, 'Toyota', 'T100', '1997'),
(348, 67, 'Nissan', 'Versa', '2008'),
(349, 42, 'Mitsubishi', '3000GT', '1992'),
(350, 89, 'Saab', '9000', '1986'),
(351, 78, 'Chevrolet', 'Express 3500', '2012'),
(352, 11, 'Volkswagen', 'Jetta', '1995'),
(353, 94, 'Fillmore', 'Fillmore', '1960'),
(354, 59, 'Ford', 'Expedition', '2002'),
(355, 95, 'Chrysler', 'Sebring', '2010'),
(356, 70, 'Dodge', 'Ram', '2011'),
(357, 43, 'Chevrolet', 'Corvette', '1993'),
(358, 34, 'Ford', 'E150', '2004'),
(359, 46, 'Jeep', 'Patriot', '2007'),
(360, 97, 'Subaru', 'Tribeca', '2008'),
(361, 74, 'Honda', 'Civic', '1988'),
(362, 42, 'Chevrolet', 'HHR', '2008'),
(363, 40, 'Pontiac', 'Firefly', '1985'),
(364, 42, 'Mitsubishi', 'Lancer Evolution', '2005'),
(365, 65, 'Mitsubishi', 'Truck', '1992'),
(366, 75, 'GMC', 'Yukon', '1998'),
(367, 55, 'Toyota', 'Venza', '2009'),
(368, 92, 'Ford', 'F-250 Super Duty', '2006'),
(369, 62, 'Chevrolet', 'Blazer', '1997'),
(370, 97, 'Volvo', 'V50', '2005'),
(371, 49, 'Ford', 'Mustang', '1989'),
(372, 89, 'Mercedes-Benz', 'SLK-Class', '2012'),
(373, 14, 'Volvo', 'V90', '1998'),
(374, 77, 'Porsche', 'Carrera GT', '2004'),
(375, 85, 'Chevrolet', 'Blazer', '1994'),
(376, 19, 'Subaru', 'Impreza', '2008'),
(377, 24, 'GMC', 'Savana', '2007'),
(378, 32, 'Chevrolet', 'Venture', '1998'),
(379, 10, 'Suzuki', 'Vitara', '2001'),
(380, 13, 'Maserati', 'Spyder', '1989'),
(381, 6, 'Volvo', 'C30', '2012'),
(382, 10, 'Infiniti', 'QX', '2011'),
(383, 71, 'Toyota', 'T100 Xtra', '1998'),
(384, 77, 'Mazda', 'MPV', '1998'),
(385, 19, 'BMW', '760', '2006'),
(386, 25, 'Ford', 'E-Series', '1996'),
(387, 22, 'Mitsubishi', 'GTO', '1994'),
(388, 4, 'Audi', '5000S', '1986'),
(389, 58, 'Chevrolet', 'Lumina', '1999'),
(390, 90, 'Ford', 'F150', '2006'),
(391, 81, 'Audi', 'S4', '2009'),
(392, 34, 'Hyundai', 'Entourage', '2007'),
(393, 26, 'GMC', 'Savana 2500', '2006'),
(394, 28, 'Honda', 'Accord', '1989'),
(395, 49, 'Pontiac', 'Sunbird', '1986'),
(396, 17, 'Nissan', 'Altima', '2007'),
(397, 43, 'Saturn', 'Sky', '2008'),
(398, 69, 'Chevrolet', 'Avalanche', '2009'),
(399, 96, 'Oldsmobile', 'LSS', '1997'),
(400, 67, 'Chevrolet', 'Impala', '2007'),
(401, 71, 'Hyundai', 'Santa Fe', '2003'),
(402, 17, 'Cadillac', 'Escalade', '2006'),
(403, 98, 'Dodge', 'Avenger', '2012'),
(404, 48, 'Porsche', 'Boxster', '2001'),
(405, 50, 'Bentley', 'Continental Flying Spur', '2006'),
(406, 15, 'Chevrolet', 'Silverado 2500', '2002'),
(407, 24, 'Studebaker', 'Avanti', '1964'),
(408, 54, 'Mercedes-Benz', 'C-Class', '2006'),
(409, 53, 'Pontiac', 'Firebird', '1998'),
(410, 71, 'Plymouth', 'Voyager', '1993'),
(411, 18, 'BMW', '3 Series', '2001'),
(412, 96, 'Chevrolet', 'Silverado 2500', '2009'),
(413, 4, 'Subaru', 'Leone', '1988'),
(414, 36, 'Mercury', 'Grand Marquis', '1991'),
(415, 41, 'Chevrolet', 'Aveo', '2010'),
(416, 62, 'Saab', '9-5', '2009'),
(417, 98, 'Mazda', 'Protege', '2002'),
(418, 17, 'Acura', 'TSX', '2004'),
(419, 1, 'Buick', 'Skyhawk', '1985'),
(420, 8, 'Subaru', 'Impreza WRX', '2011'),
(421, 84, 'Nissan', 'Sentra', '1991'),
(422, 86, 'Infiniti', 'G', '1992'),
(423, 27, 'MINI', 'Cooper Clubman', '2008'),
(424, 41, 'BMW', '330', '2005'),
(425, 98, 'Pontiac', 'Grand Am', '1996'),
(426, 28, 'Volkswagen', 'Golf', '1994'),
(427, 6, 'Toyota', 'Corolla', '1994'),
(428, 99, 'MINI', 'Cooper', '2009'),
(429, 37, 'Suzuki', 'Equator', '2011'),
(430, 65, 'Volkswagen', 'GTI', '2004'),
(431, 56, 'Chevrolet', 'Camaro', '2002'),
(432, 46, 'Chevrolet', 'Express 1500', '2003'),
(433, 29, 'Lexus', 'GX', '2003'),
(434, 40, 'Toyota', 'Corolla', '1999'),
(435, 51, 'Ford', 'Windstar', '1995'),
(436, 53, 'Mercedes-Benz', 'GLK-Class', '2010'),
(437, 51, 'Acura', 'RL', '2000'),
(438, 19, 'Chevrolet', 'Express 1500', '2006'),
(439, 88, 'Buick', 'Terraza', '2007'),
(440, 1, 'Audi', 'RS4', '2007'),
(441, 73, 'Ram', 'C/V', '2012'),
(442, 21, 'GMC', 'Suburban 2500', '1993'),
(443, 33, 'Cadillac', 'Fleetwood', '1994'),
(444, 17, 'Mazda', 'MX-5', '2005'),
(445, 60, 'Ford', 'Aerostar', '1989'),
(446, 52, 'Ford', 'Club Wagon', '1995'),
(447, 62, 'Chevrolet', 'Avalanche 1500', '2003'),
(448, 52, 'Infiniti', 'QX', '1997'),
(449, 48, 'Oldsmobile', 'Bravada', '1992'),
(450, 33, 'Toyota', 'MR2', '2005'),
(451, 33, 'Dodge', 'Durango', '1998'),
(452, 97, 'Subaru', 'XT', '1991'),
(453, 91, 'Chevrolet', 'Avalanche', '2002'),
(454, 18, 'Mercury', 'Cougar', '1986'),
(455, 55, 'Land Rover', 'Discovery', '1996'),
(456, 87, 'Nissan', '350Z', '2008'),
(457, 65, 'Audi', 'S6', '2011'),
(458, 45, 'Mercedes-Benz', 'SL-Class', '2012'),
(459, 53, 'BMW', 'Z4', '2012'),
(460, 23, 'Suzuki', 'Reno', '2007'),
(461, 86, 'Pontiac', 'Bonneville', '2001'),
(462, 87, 'Porsche', 'Panamera', '2010'),
(463, 24, 'Nissan', 'Altima', '2005'),
(464, 98, 'Toyota', 'MR2', '1994'),
(465, 48, 'Kia', 'Spectra', '2004'),
(466, 100, 'Cadillac', 'SRX', '2004'),
(467, 70, 'Pontiac', 'Vibe', '2010'),
(468, 36, 'Mitsubishi', 'Eclipse', '2006'),
(469, 49, 'Volvo', '940', '1994'),
(470, 84, 'Hummer', 'H3', '2010'),
(471, 87, 'Nissan', 'Altima', '1997'),
(472, 34, 'Ford', 'Expedition EL', '2010'),
(473, 33, 'Toyota', 'Highlander', '2003'),
(474, 36, 'Jaguar', 'XJ Series', '2001'),
(475, 83, 'Volkswagen', 'Golf III', '1995'),
(476, 29, 'GMC', 'Vandura 3500', '1994'),
(477, 29, 'Ford', 'Econoline E250', '1995'),
(478, 23, 'Mercury', 'Cougar', '2001'),
(479, 98, 'Mercedes-Benz', 'CL-Class', '2003'),
(480, 52, 'Lexus', 'LS Hybrid', '2010'),
(481, 57, 'Kia', 'Sportage', '2007'),
(482, 30, 'Dodge', 'Dakota', '2000'),
(483, 13, 'GMC', 'Jimmy', '1994'),
(484, 81, 'GMC', 'Savana 3500', '1999'),
(485, 32, 'Ford', 'E350', '2005'),
(486, 95, 'Audi', 'S4', '1993'),
(487, 98, 'Mercedes-Benz', 'SL-Class', '2003'),
(488, 37, 'Cadillac', 'CTS-V', '2006'),
(489, 33, 'Audi', '100', '1994'),
(490, 6, 'Lexus', 'ES', '1995'),
(491, 62, 'Infiniti', 'Q', '1998'),
(492, 19, 'Ford', 'Probe', '1989'),
(493, 93, 'Volkswagen', 'Golf', '2001'),
(494, 52, 'Buick', 'Regal', '1985'),
(495, 54, 'Mazda', 'MX-5', '1993'),
(496, 14, 'Plymouth', 'Neon', '2001'),
(497, 11, 'Chevrolet', 'Suburban 2500', '2010'),
(498, 50, 'Scion', 'tC', '2011'),
(499, 16, 'Chevrolet', 'Colorado', '2008'),
(500, 33, 'Oldsmobile', 'Bravada', '2002'),
(501, 91, 'Ford', 'F-Series', '1995'),
(502, 59, 'Audi', 'S8', '2002'),
(503, 39, 'Mazda', 'MX-5', '2008'),
(504, 63, 'Mitsubishi', 'Precis', '1993'),
(505, 1, 'Volkswagen', 'Rabbit', '2010'),
(506, 6, 'Ford', 'Mustang', '1986'),
(507, 19, 'Audi', 'S4', '2013'),
(508, 46, 'Lotus', 'Elise', '2007'),
(509, 45, 'Toyota', 'Echo', '2001'),
(510, 15, 'Audi', 'A6', '2011'),
(511, 67, 'Pontiac', 'Vibe', '2006'),
(512, 94, 'Ford', 'Explorer Sport', '2000'),
(513, 30, 'Honda', 'Civic', '1990'),
(514, 62, 'Chrysler', 'LHS', '1994'),
(515, 4, 'Nissan', 'Armada', '2005'),
(516, 48, 'Mercedes-Benz', 'C-Class', '2005'),
(517, 19, 'Dodge', 'Avenger', '1996'),
(518, 75, 'BMW', 'M3', '2002'),
(519, 61, 'Mercedes-Benz', 'SL-Class', '1990'),
(520, 5, 'Rolls-Royce', 'Ghost', '2010'),
(521, 31, 'Volkswagen', 'Corrado', '1992'),
(522, 76, 'Tesla', 'Roadster', '2010'),
(523, 71, 'Chevrolet', 'Camaro', '1967'),
(524, 63, 'Mitsubishi', 'Lancer', '2011'),
(525, 9, 'GMC', 'Sierra 2500HD', '2006'),
(526, 84, 'Chevrolet', 'Camaro', '2001'),
(527, 9, 'Geo', 'Tracker', '1995'),
(528, 66, 'Mazda', 'MX-5', '1999'),
(529, 90, 'Suzuki', 'XL7', '2009'),
(530, 1, 'Lexus', 'ES', '2010'),
(531, 59, 'Cadillac', 'DTS', '2007'),
(532, 12, 'Pontiac', '1000', '1986'),
(533, 3, 'Dodge', 'Viper', '2004'),
(534, 57, 'Nissan', 'Sentra', '2009'),
(535, 69, 'Oldsmobile', 'Bravada', '2004'),
(536, 97, 'Ford', 'Mustang', '1970'),
(537, 51, 'Mazda', 'GLC', '1984'),
(538, 85, 'Chrysler', 'Sebring', '2000'),
(539, 55, 'Ford', 'Ranger', '2011'),
(540, 40, 'Bentley', 'Mulsanne', '2012'),
(541, 90, 'Chevrolet', 'Camaro', '2001'),
(542, 83, 'Chevrolet', 'Cavalier', '1999'),
(543, 25, 'Mitsubishi', 'Truck', '1995'),
(544, 1, 'BMW', '525', '2004'),
(545, 68, 'Toyota', 'MR2', '2004'),
(546, 82, 'Honda', 'Pilot', '2006'),
(547, 17, 'Volkswagen', 'Touareg', '2007'),
(548, 89, 'Saturn', 'VUE', '2003'),
(549, 37, 'Cadillac', 'Escalade EXT', '2012'),
(550, 47, 'Volvo', 'XC70', '2006'),
(551, 62, 'Jeep', 'Compass', '2011'),
(552, 68, 'BMW', 'M3', '1999'),
(553, 86, 'Aston Martin', 'Vanquish S', '2006'),
(554, 61, 'Mitsubishi', 'Expo', '1994'),
(555, 21, 'Volkswagen', 'New Beetle', '2005'),
(556, 38, 'Dodge', 'Stratus', '2000'),
(557, 65, 'Chevrolet', 'Suburban 2500', '2011'),
(558, 68, 'GMC', 'Suburban 1500', '1999'),
(559, 12, 'BMW', 'X5', '2005'),
(560, 11, 'Dodge', 'Stratus', '1998'),
(561, 92, 'Honda', 'Insight', '2001'),
(562, 21, 'Chrysler', 'PT Cruiser', '2003'),
(563, 57, 'Lotus', 'Evora', '2011'),
(564, 48, 'Mitsubishi', 'Truck', '1993'),
(565, 90, 'Chevrolet', 'Colorado', '2010'),
(566, 21, 'Chevrolet', 'S10 Blazer', '1993'),
(567, 3, 'Land Rover', 'LR3', '2005'),
(568, 95, 'BMW', 'M3', '1997'),
(569, 55, 'Chevrolet', 'Malibu', '2009'),
(570, 96, 'Aston Martin', 'Virage', '2012'),
(571, 67, 'Mercedes-Benz', 'E-Class', '1986'),
(572, 63, 'Ford', 'Taurus', '2006'),
(573, 84, 'Honda', 'CR-V', '2004'),
(574, 99, 'Nissan', 'Pathfinder', '2003'),
(575, 87, 'GMC', '3500 Club Coupe', '1993'),
(576, 30, 'Ford', 'Bronco', '1987'),
(577, 76, 'Honda', 'Odyssey', '1996'),
(578, 18, 'Mazda', 'MX-5', '2010'),
(579, 69, 'Mercury', 'Cougar', '1991'),
(580, 40, 'Buick', 'Riviera', '1985'),
(581, 52, 'Cadillac', 'Escalade', '2005'),
(582, 11, 'Mercedes-Benz', 'CLK-Class', '2000'),
(583, 86, 'Dodge', 'Ram Van 2500', '1996'),
(584, 16, 'Volkswagen', 'Jetta', '1991'),
(585, 88, 'Dodge', 'Ram Van 3500', '1996'),
(586, 66, 'Infiniti', 'M', '2008'),
(587, 46, 'Ford', 'F250', '1992'),
(588, 74, 'Nissan', 'Frontier', '2001'),
(589, 52, 'Lexus', 'HS', '2012'),
(590, 83, 'Buick', 'Skylark', '1989'),
(591, 64, 'Lexus', 'ES', '2007'),
(592, 91, 'Mitsubishi', 'Galant', '2009'),
(593, 58, 'Plymouth', 'Horizon', '1978'),
(594, 97, 'GMC', 'Savana 1500', '1999'),
(595, 39, 'Lincoln', 'LS', '2005'),
(596, 26, 'Buick', 'Century', '1999'),
(597, 96, 'Mitsubishi', 'Lancer', '2006'),
(598, 1, 'Volvo', 'V50', '2010'),
(599, 74, 'Isuzu', 'Trooper', '1999'),
(600, 63, 'Dodge', 'Ram 1500 Club', '1997'),
(601, 35, 'BMW', '7 Series', '1997'),
(602, 58, 'GMC', 'Suburban 2500', '1993'),
(603, 45, 'Hummer', 'H1', '1994'),
(604, 65, 'GMC', 'Savana 1500', '2009'),
(605, 72, 'Pontiac', 'Montana SV6', '2006'),
(606, 27, 'Mercury', 'Sable', '1993'),
(607, 24, 'Audi', 'S4', '2001'),
(608, 72, 'Mitsubishi', 'Galant', '2002'),
(609, 78, 'Lexus', 'GX', '2009'),
(610, 68, 'Ford', 'Bronco II', '1985'),
(611, 44, 'Nissan', 'Sentra', '2010'),
(612, 69, 'Geo', 'Tracker', '1992'),
(613, 38, 'Audi', 'A3', '2010'),
(614, 24, 'Porsche', '911', '2008'),
(615, 71, 'Toyota', 'T100', '1993'),
(616, 92, 'Nissan', 'Sentra', '1991'),
(617, 46, 'Mercedes-Benz', 'SL-Class', '1997'),
(618, 25, 'Chevrolet', 'Express 2500', '2004'),
(619, 26, 'Volvo', 'S70', '1998'),
(620, 25, 'Pontiac', 'Solstice', '2009'),
(621, 90, 'Nissan', '200SX', '1998'),
(622, 25, 'Chrysler', '300C', '2005'),
(623, 15, 'Toyota', 'Camry', '1993'),
(624, 7, 'Mazda', 'Familia', '1990'),
(625, 15, 'Mercedes-Benz', 'CLS-Class', '2008'),
(626, 13, 'Pontiac', 'Firebird', '1987'),
(627, 89, 'Chevrolet', 'Lumina', '1994'),
(628, 34, 'Pontiac', 'Sunfire', '2004'),
(629, 48, 'GMC', '1500', '1993'),
(630, 18, 'Toyota', 'Sienna', '2009'),
(631, 1, 'BMW', 'M5', '2003'),
(632, 51, 'Pontiac', 'Grand Prix', '2004'),
(633, 1, 'Audi', 'R8', '2010'),
(634, 46, 'Audi', 'R8', '2011'),
(635, 37, 'Dodge', 'Stratus', '1998'),
(636, 39, 'Shelby', 'GT350', '1969'),
(637, 45, 'Hyundai', 'Entourage', '2007'),
(638, 84, 'Ford', 'Bronco', '1986'),
(639, 43, 'Chevrolet', '2500', '1993'),
(640, 20, 'Land Rover', 'Range Rover', '2001'),
(641, 10, 'Toyota', 'Corolla', '1995'),
(642, 7, 'Mitsubishi', 'Pajero', '2001'),
(643, 26, 'Lexus', 'IS-F', '2012'),
(644, 83, 'Lexus', 'GS', '2003'),
(645, 14, 'Lincoln', 'Continental Mark VII', '1986'),
(646, 13, 'Mitsubishi', 'Eclipse', '1993'),
(647, 60, 'Ford', 'Expedition', '2008'),
(648, 62, 'Dodge', 'Ram Van 2500', '2000'),
(649, 70, 'Volkswagen', 'Golf', '2002'),
(650, 52, 'Porsche', '928', '1988'),
(651, 89, 'Jaguar', 'XJ Series', '1998'),
(652, 12, 'Ford', 'Taurus X', '2008'),
(653, 39, 'Mazda', '626', '1994'),
(654, 44, 'Chevrolet', 'Corsica', '1994'),
(655, 1, 'Chevrolet', 'Corvette', '1993'),
(656, 46, 'Chrysler', 'Town & Country', '1995'),
(657, 12, 'Hyundai', 'Veracruz', '2009'),
(658, 82, 'Mazda', 'MPV', '1992'),
(659, 8, 'Hyundai', 'Genesis Coupe', '2011'),
(660, 20, 'Pontiac', 'Sunfire', '2002'),
(661, 45, 'Hummer', 'H1', '1997'),
(662, 95, 'Mercury', 'Cougar', '1999'),
(663, 99, 'Mercedes-Benz', 'G-Class', '2008'),
(664, 44, 'Volkswagen', 'New Beetle', '2008'),
(665, 32, 'Chevrolet', 'TrailBlazer', '2009'),
(666, 65, 'Subaru', 'Forester', '1998'),
(667, 50, 'Pontiac', 'G3', '2010'),
(668, 33, 'Audi', 'TT', '2002'),
(669, 76, 'Suzuki', 'Equator', '2009'),
(670, 49, 'Infiniti', 'G35', '2003'),
(671, 65, 'Mazda', 'CX-7', '2012'),
(672, 25, 'Buick', 'Skyhawk', '1987'),
(673, 6, 'Lexus', 'LS', '2003'),
(674, 27, 'Isuzu', 'Hombre', '1997'),
(675, 47, 'GMC', 'Sierra 1500', '2011'),
(676, 4, 'Mercedes-Benz', '300SE', '1992'),
(677, 79, 'Jeep', 'Grand Cherokee', '2008'),
(678, 29, 'Infiniti', 'I', '2001'),
(679, 66, 'Ford', 'Econoline E150', '1994'),
(680, 38, 'Infiniti', 'G', '2008'),
(681, 86, 'Studebaker', 'Avanti', '1962'),
(682, 90, 'Mercury', 'Cougar', '1988'),
(683, 20, 'Mercury', 'Grand Marquis', '2008'),
(684, 29, 'Suzuki', 'XL-7', '2007'),
(685, 96, 'Ford', 'Tempo', '1994'),
(686, 50, 'Mercury', 'Sable', '1991'),
(687, 99, 'Volkswagen', 'Fox', '1987'),
(688, 61, 'Acura', 'MDX', '2007'),
(689, 17, 'Isuzu', 'Ascender', '2003'),
(690, 82, 'Buick', 'Park Avenue', '1998'),
(691, 97, 'Jaguar', 'XJ Series', '2001'),
(692, 49, 'Lamborghini', 'Countach', '1987'),
(693, 1, 'Pontiac', 'LeMans', '1989'),
(694, 48, 'Ford', 'Bronco', '1984'),
(695, 39, 'Pontiac', 'Firebird', '2001'),
(696, 33, 'GMC', 'Sonoma', '2002'),
(697, 10, 'Ram', '2500', '2011'),
(698, 51, 'Dodge', 'Aspen', '1976'),
(699, 2, 'Maserati', 'Spyder', '2003'),
(700, 30, 'Mercedes-Benz', 'S-Class', '1995'),
(701, 35, 'GMC', 'Sierra 3500', '2009'),
(702, 84, 'Porsche', 'Cayman', '2010'),
(703, 35, 'Dodge', 'Charger', '2007'),
(704, 40, 'Ford', 'E-Series', '2007'),
(705, 18, 'BMW', 'M3', '2008'),
(706, 10, 'BMW', '3 Series', '1993'),
(707, 34, 'Nissan', 'Xterra', '2011'),
(708, 44, 'Pontiac', 'Solstice', '2006'),
(709, 31, 'Ford', 'Ranger', '1999'),
(710, 91, 'Mitsubishi', 'Chariot', '1988'),
(711, 12, 'Volvo', 'S40', '2002'),
(712, 23, 'Chevrolet', 'Caprice', '1994'),
(713, 68, 'Mazda', 'MX-6', '1994'),
(714, 74, 'Chevrolet', 'Metro', '1998'),
(715, 12, 'Ferrari', '612 Scaglietti', '2010'),
(716, 36, 'Ford', 'LTD', '1984'),
(717, 16, 'Isuzu', 'Amigo', '1993'),
(718, 37, 'GMC', 'Rally Wagon 2500', '1992'),
(719, 13, 'Toyota', 'Tercel', '1992'),
(720, 47, 'Jensen', 'Interceptor', '1966'),
(721, 96, 'Volkswagen', 'Passat', '1995'),
(722, 78, 'Hyundai', 'Tiburon', '2006'),
(723, 99, 'BMW', '3 Series', '1998'),
(724, 55, 'Lexus', 'RX Hybrid', '2012'),
(725, 42, 'Subaru', 'Legacy', '1997'),
(726, 16, 'Aston Martin', 'Vantage', '2008'),
(727, 7, 'Volkswagen', 'Corrado', '1993'),
(728, 2, 'Mazda', 'Protege', '1993'),
(729, 24, 'Ford', 'Expedition', '1997'),
(730, 40, 'GMC', 'Sonoma', '2000'),
(731, 50, 'Ford', 'Fiesta', '2012'),
(732, 66, 'Ford', 'E350', '2008'),
(733, 51, 'Lincoln', 'Continental Mark VII', '1986'),
(734, 69, 'Infiniti', 'FX', '2012'),
(735, 98, 'Hyundai', 'Sonata', '1994'),
(736, 7, 'Mercedes-Benz', 'M-Class', '2003'),
(737, 58, 'Chevrolet', 'Impala', '2000'),
(738, 39, 'Lexus', 'LX', '2007'),
(739, 88, 'Suzuki', 'Sidekick', '1989'),
(740, 23, 'Cadillac', 'CTS', '2009'),
(741, 94, 'Ford', 'Mustang', '1998'),
(742, 54, 'Mitsubishi', 'Pajero', '2006'),
(743, 90, 'Ford', 'F-Series', '2003'),
(744, 52, 'Subaru', 'Forester', '2002'),
(745, 17, 'Chevrolet', 'Beretta', '1992'),
(746, 2, 'Jensen', 'Interceptor', '1967'),
(747, 23, 'Ford', 'F250', '2000'),
(748, 86, 'Acura', 'Legend', '1995'),
(749, 5, 'Jaguar', 'XJ Series', '1999'),
(750, 77, 'Land Rover', 'LR4', '2012'),
(751, 68, 'Volvo', 'V70', '1998'),
(752, 24, 'Audi', '5000S', '1987'),
(753, 67, 'Chevrolet', '3500', '1993'),
(754, 22, 'Ford', 'Crown Victoria', '2004'),
(755, 43, 'Chevrolet', 'Express 1500', '2006'),
(756, 47, 'Toyota', 'Tundra', '2008'),
(757, 32, 'Saab', '9-5', '2003'),
(758, 1, 'Hyundai', 'Genesis', '2009'),
(759, 63, 'GMC', 'Sierra 3500', '2012'),
(760, 47, 'Chrysler', '300M', '2003'),
(761, 25, 'Dodge', 'Dakota', '2002'),
(762, 74, 'Chevrolet', '3500', '1995'),
(763, 44, 'Kia', 'Sportage', '2008'),
(764, 21, 'Mazda', '626', '1999'),
(765, 43, 'Subaru', 'XT', '1990'),
(766, 18, 'Honda', 'Element', '2004'),
(767, 39, 'Citroën', 'CX', '1974'),
(768, 88, 'Nissan', 'Altima', '1994'),
(769, 45, 'Chrysler', 'Crossfire', '2004'),
(770, 56, 'Mazda', 'Mazdaspeed6', '2006'),
(771, 65, 'Hummer', 'H2', '2006'),
(772, 8, 'Subaru', 'Legacy', '2002'),
(773, 4, 'Chevrolet', '2500', '1999'),
(774, 20, 'Subaru', 'Tribeca', '2012'),
(775, 9, 'Ford', 'Expedition', '2011'),
(776, 57, 'Pontiac', 'Grand Prix', '1998'),
(777, 88, 'Chevrolet', 'Suburban', '2007'),
(778, 56, 'Buick', 'Regal', '2012'),
(779, 42, 'Audi', 'A6', '2011'),
(780, 66, 'Nissan', 'Xterra', '2000'),
(781, 2, 'BMW', '3 Series', '2002'),
(782, 61, 'GMC', 'Yukon', '1998'),
(783, 20, 'Mitsubishi', 'Tredia', '1984'),
(784, 52, 'Alfa Romeo', '164', '1995'),
(785, 63, 'Ford', 'Econoline E250', '1995'),
(786, 54, 'GMC', 'Sierra 3500', '2000'),
(787, 75, 'Cadillac', 'Seville', '1999'),
(788, 90, 'Dodge', 'Caravan', '1994'),
(789, 49, 'Mercedes-Benz', 'Sprinter', '2010'),
(790, 34, 'Dodge', 'Shadow', '1994'),
(791, 40, 'Toyota', 'Camry', '2001'),
(792, 44, 'BMW', '530', '2005'),
(793, 46, 'Mitsubishi', 'Diamante', '1999'),
(794, 23, 'Acura', 'TL', '1999'),
(795, 97, 'Subaru', 'SVX', '1992'),
(796, 71, 'Ford', 'E-Series', '2007'),
(797, 75, 'Buick', 'LaCrosse', '2006'),
(798, 39, 'Chevrolet', '3500', '1997'),
(799, 15, 'Honda', 'S2000', '2001'),
(800, 7, 'Mercedes-Benz', 'E-Class', '2005'),
(801, 23, 'Lotus', 'Esprit', '2002'),
(802, 34, 'Honda', 'Passport', '2000'),
(803, 62, 'GMC', 'Rally Wagon 2500', '1992'),
(804, 59, 'Acura', 'CL', '1999'),
(805, 86, 'Mercury', 'Marquis', '1985'),
(806, 85, 'Mazda', 'Familia', '1985'),
(807, 75, 'Chevrolet', 'Volt', '2011'),
(808, 28, 'Rolls-Royce', 'Ghost', '2011'),
(809, 28, 'Chevrolet', 'Caprice', '1977'),
(810, 54, 'Subaru', 'Alcyone SVX', '1997'),
(811, 29, 'Hyundai', 'Veloster', '2013'),
(812, 21, 'Oldsmobile', '88', '1998'),
(813, 18, 'Isuzu', 'Amigo', '1999'),
(814, 30, 'Citroën', 'SM', '1972'),
(815, 44, 'Lexus', 'RX', '1999'),
(816, 3, 'Chevrolet', 'Camaro', '1971'),
(817, 78, 'Audi', 'RS4', '2007'),
(818, 40, 'Lincoln', 'Town Car', '1986'),
(819, 94, 'GMC', 'Yukon', '1999'),
(820, 7, 'Mercury', 'Lynx', '1986'),
(821, 14, 'Volkswagen', 'GTI', '1995'),
(822, 18, 'Mitsubishi', 'GTO', '1991'),
(823, 70, 'Chevrolet', 'Express 2500', '1996'),
(824, 41, 'Kia', 'Sephia', '1998'),
(825, 99, 'Suzuki', 'XL-7', '2001'),
(826, 43, 'Mazda', 'MX-6', '1996'),
(827, 40, 'Maserati', 'Coupe', '2006'),
(828, 80, 'Chevrolet', 'Suburban', '2008'),
(829, 68, 'Jeep', 'Commander', '2006'),
(830, 65, 'Ford', 'F150', '2009'),
(831, 71, 'Infiniti', 'G', '2008'),
(832, 94, 'Jeep', 'Grand Cherokee', '2007'),
(833, 73, 'Oldsmobile', 'Toronado', '1966'),
(834, 85, 'Jaguar', 'XK Series', '2004'),
(835, 84, 'Volkswagen', 'Golf III', '1995'),
(836, 83, 'Lincoln', 'LS', '2002'),
(837, 25, 'Dodge', 'Viper', '1996'),
(838, 35, 'Chevrolet', 'Equinox', '2006'),
(839, 36, 'Chevrolet', 'Express', '2011'),
(840, 7, 'Mercedes-Benz', '300SL', '1992'),
(841, 18, 'Toyota', 'Tacoma', '2000'),
(842, 76, 'Audi', 'Allroad', '2004'),
(843, 17, 'Mercedes-Benz', 'C-Class', '2011'),
(844, 90, 'Dodge', 'Viper', '1993'),
(845, 62, 'Audi', '100', '1989'),
(846, 55, 'Ford', 'Thunderbird', '1987'),
(847, 37, 'Isuzu', 'Amigo', '2000'),
(848, 30, 'Scion', 'tC', '2013'),
(849, 23, 'Chevrolet', 'Blazer', '1993'),
(850, 81, 'Ford', 'Mustang', '1989'),
(851, 36, 'Mitsubishi', 'Galant', '1997'),
(852, 37, 'Nissan', 'Versa', '2010'),
(853, 26, 'Ram', '1500', '2011'),
(854, 64, 'Jaguar', 'XK Series', '1998'),
(855, 11, 'Dodge', 'Ramcharger', '1992'),
(856, 91, 'Subaru', 'Forester', '2010'),
(857, 94, 'GMC', 'Canyon', '2011'),
(858, 80, 'Chevrolet', 'Lumina', '2000'),
(859, 22, 'Chevrolet', 'Suburban 2500', '2007'),
(860, 93, 'Suzuki', 'Swift', '1990'),
(861, 52, 'Ford', 'Explorer', '2013'),
(862, 92, 'Pontiac', '6000', '1983'),
(863, 71, 'Chrysler', 'Crossfire Roadster', '2006'),
(864, 20, 'Mercury', 'Cougar', '2002'),
(865, 88, 'Volvo', 'S80', '2005'),
(866, 23, 'Chevrolet', 'Corvette', '1969'),
(867, 32, 'Ford', 'Crown Victoria', '1997'),
(868, 17, 'Suzuki', 'Forenza', '2006'),
(869, 47, 'Scion', 'xB', '2006'),
(870, 20, 'Acura', 'CL', '1999'),
(871, 15, 'Ford', 'F250', '2000'),
(872, 6, 'Dodge', 'Dynasty', '1993'),
(873, 34, 'Honda', 'Pilot', '2004'),
(874, 46, 'Mazda', 'Millenia', '2002'),
(875, 1, 'Pontiac', 'Bonneville', '1992'),
(876, 66, 'Audi', 'A4', '1998'),
(877, 74, 'Bentley', 'Azure', '2006'),
(878, 60, 'Chevrolet', 'Aveo', '2006'),
(879, 81, 'Peugeot', '207', '2006'),
(880, 29, 'Isuzu', 'Trooper', '1996'),
(881, 85, 'Chevrolet', 'Express 1500', '2011'),
(882, 2, 'Ford', 'F150', '2005'),
(883, 55, 'GMC', 'Savana 1500', '1998'),
(884, 6, 'Audi', 'A4', '2000'),
(885, 59, 'BMW', '5 Series', '1992'),
(886, 67, 'Volkswagen', 'GTI', '2010'),
(887, 52, 'Mazda', 'CX-9', '2009'),
(888, 24, 'GMC', 'Sierra 1500', '2012'),
(889, 90, 'Acura', 'Legend', '1987'),
(890, 35, 'Lexus', 'IS', '2010'),
(891, 90, 'Chevrolet', 'Suburban 2500', '1998'),
(892, 36, 'Honda', 'Passport', '2002'),
(893, 48, 'GMC', 'Savana Cargo Van', '2006'),
(894, 21, 'Subaru', 'Justy', '1993'),
(895, 43, 'Honda', 'Prelude', '1998'),
(896, 77, 'Volkswagen', 'Golf III', '1993'),
(897, 97, 'Buick', 'Century', '1993'),
(898, 71, 'Ford', 'F-Series', '2011'),
(899, 81, 'Oldsmobile', 'Regency', '1997'),
(900, 11, 'Saab', '9-2X', '2005'),
(901, 30, 'Mitsubishi', 'Eclipse', '1994'),
(902, 48, 'Jeep', 'Wrangler', '2009'),
(903, 92, 'Pontiac', 'Parisienne', '1985'),
(904, 86, 'Mercedes-Benz', 'SL-Class', '2008'),
(905, 37, 'Mercury', 'Villager', '1995'),
(906, 38, 'Chevrolet', 'Blazer', '1999'),
(907, 57, 'Saturn', 'Aura', '2009'),
(908, 14, 'Mercedes-Benz', 'S-Class', '2004'),
(909, 15, 'Chevrolet', 'Cavalier', '2000'),
(910, 70, 'Pontiac', 'Bonneville', '1997'),
(911, 84, 'Volvo', 'XC90', '2009'),
(912, 94, 'BMW', '650', '2006'),
(913, 42, 'BMW', 'M Roadster', '2006'),
(914, 3, 'Mitsubishi', 'GTO', '1991'),
(915, 63, 'Ford', 'Explorer', '1995'),
(916, 82, 'Mazda', 'RX-7', '1988'),
(917, 29, 'Nissan', 'Pathfinder', '2007'),
(918, 70, 'BMW', 'X5', '2007'),
(919, 16, 'Mercedes-Benz', 'SLS-Class', '2011'),
(920, 41, 'Honda', 'CR-Z', '2011'),
(921, 80, 'Mazda', 'MX-5', '1995'),
(922, 27, 'Lexus', 'GX', '2007'),
(923, 18, 'Volkswagen', 'Jetta', '2006'),
(924, 29, 'Dodge', 'Ram Van B350', '1993'),
(925, 5, 'Jaguar', 'XJ Series', '2000'),
(926, 77, 'Pontiac', 'Grand Prix', '1962'),
(927, 57, 'Suzuki', 'Swift', '1989'),
(928, 42, 'Toyota', 'MR2', '1993'),
(929, 4, 'Ford', 'Mustang', '2010'),
(930, 26, 'Mercury', 'Cougar', '1996'),
(931, 45, 'Chevrolet', 'Aveo', '2010'),
(932, 19, 'Mitsubishi', 'Pajero', '1985'),
(933, 99, 'Mitsubishi', '3000GT', '1997'),
(934, 98, 'Mitsubishi', 'Montero', '2001'),
(935, 40, 'Hyundai', 'Tiburon', '2009'),
(936, 13, 'Ferrari', 'California', '2010'),
(937, 84, 'Pontiac', 'Trans Sport', '1990'),
(938, 77, 'Hyundai', 'Accent', '1999'),
(939, 59, 'Aston Martin', 'V8 Vantage', '2008'),
(940, 66, 'Chrysler', 'Cirrus', '1995'),
(941, 55, 'Dodge', 'Durango', '2006'),
(942, 22, 'Maserati', '430', '1989'),
(943, 44, 'Aston Martin', 'DB9', '2005'),
(944, 60, 'Geo', 'Prizm', '1993'),
(945, 84, 'Ford', 'Ranger', '2000'),
(946, 70, 'Chevrolet', 'Suburban 1500', '2003'),
(947, 83, 'Buick', 'Coachbuilder', '1991'),
(948, 19, 'Ford', 'Escort', '1999'),
(949, 22, 'Volkswagen', 'Eos', '2011'),
(950, 72, 'Mercedes-Benz', 'G-Class', '2005'),
(951, 87, 'Ford', 'Ranger', '1987'),
(952, 62, 'Ford', 'Ranger', '2010'),
(953, 33, 'Chevrolet', 'HHR', '2010'),
(954, 67, 'Pontiac', 'LeMans', '1991'),
(955, 9, 'Lexus', 'RX Hybrid', '2007'),
(956, 19, 'Honda', 'Ridgeline', '2011'),
(957, 18, 'Foose', 'Hemisfear', '2007'),
(958, 59, 'Mitsubishi', 'Lancer', '2006'),
(959, 16, 'Porsche', 'Cayenne', '2006'),
(960, 93, 'Aston Martin', 'DBS', '2010'),
(961, 27, 'BMW', 'X5', '2000'),
(962, 62, 'Chevrolet', 'G-Series 2500', '1998'),
(963, 4, 'Mercedes-Benz', '300TE', '1993'),
(964, 2, 'Ford', 'Econoline E350', '2000'),
(965, 93, 'Porsche', '911', '2012'),
(966, 74, 'Ford', 'Thunderbird', '1983'),
(967, 67, 'Dodge', 'Ram 3500', '2003'),
(968, 25, 'Audi', 'A4', '1998'),
(969, 15, 'Volvo', 'C70', '2007'),
(970, 48, 'Infiniti', 'J', '1996'),
(971, 63, 'Ford', 'Galaxie', '1964'),
(972, 53, 'Ford', 'F250', '2004'),
(973, 46, 'Honda', 'Civic', '1985'),
(974, 1, 'Toyota', 'Land Cruiser', '1994'),
(975, 16, 'Buick', 'Riviera', '1986'),
(976, 64, 'Jaguar', 'XF', '2009'),
(977, 87, 'Chrysler', 'Crossfire', '2005'),
(978, 5, 'Volvo', '850', '1996'),
(979, 17, 'Mercedes-Benz', 'M-Class', '2010'),
(980, 73, 'Chevrolet', 'Tahoe', '1999'),
(981, 7, 'Honda', 'CR-Z', '2011'),
(982, 87, 'Toyota', 'Land Cruiser', '2013'),
(983, 52, 'Ford', 'Flex', '2009'),
(984, 53, 'Subaru', 'Brat', '1986'),
(985, 15, 'BMW', '5 Series', '2007'),
(986, 75, 'Toyota', 'Corolla', '2009'),
(987, 57, 'GMC', '1500 Club Coupe', '1996'),
(988, 80, 'Mercury', 'Grand Marquis', '2009'),
(989, 24, 'Dodge', 'Caravan', '1985'),
(990, 56, 'Jeep', 'Grand Cherokee', '1999'),
(991, 21, 'Honda', 'Civic', '2004'),
(992, 96, 'Mitsubishi', 'Galant', '2002'),
(993, 78, 'Toyota', 'Previa', '1995'),
(994, 19, 'Volvo', 'S60', '2006'),
(995, 16, 'Chevrolet', 'Suburban 1500', '1994'),
(996, 33, 'Mitsubishi', 'Montero', '1998'),
(997, 80, 'Suzuki', 'Swift', '1989'),
(998, 86, 'Peugeot', '207', '2006'),
(999, 15, 'Chevrolet', 'S10', '1992'),
(1000, 63, 'Saab', '9000', '1988');

--
-- Индексы сохранённых таблиц
--

--
-- Индексы таблицы `invoices`
--
ALTER TABLE `invoices`
  ADD PRIMARY KEY (`id`),
  ADD KEY `order_id` (`order_id`);

--
-- Индексы таблицы `orders`
--
ALTER TABLE `orders`
  ADD PRIMARY KEY (`id`),
  ADD KEY `product_id` (`product_id`);

--
-- Индексы таблицы `partners`
--
ALTER TABLE `partners`
  ADD PRIMARY KEY (`id`);

--
-- Индексы таблицы `products`
--
ALTER TABLE `products`
  ADD PRIMARY KEY (`id`),
  ADD KEY `partner_id` (`partner_id`);

--
-- AUTO_INCREMENT для сохранённых таблиц
--

--
-- AUTO_INCREMENT для таблицы `invoices`
--
ALTER TABLE `invoices`
  MODIFY `id` int(11) NOT NULL AUTO_INCREMENT, AUTO_INCREMENT=101;

--
-- AUTO_INCREMENT для таблицы `orders`
--
ALTER TABLE `orders`
  MODIFY `id` int(11) NOT NULL AUTO_INCREMENT, AUTO_INCREMENT=101;

--
-- AUTO_INCREMENT для таблицы `partners`
--
ALTER TABLE `partners`
  MODIFY `id` int(11) NOT NULL AUTO_INCREMENT, AUTO_INCREMENT=1001;

--
-- AUTO_INCREMENT для таблицы `products`
--
ALTER TABLE `products`
  MODIFY `id` int(11) NOT NULL AUTO_INCREMENT, AUTO_INCREMENT=1001;

--
-- Ограничения внешнего ключа сохраненных таблиц
--

--
-- Ограничения внешнего ключа таблицы `invoices`
--
ALTER TABLE `invoices`
  ADD CONSTRAINT `invoices_ibfk_1` FOREIGN KEY (`order_id`) REFERENCES `orders` (`id`);

--
-- Ограничения внешнего ключа таблицы `orders`
--
ALTER TABLE `orders`
  ADD CONSTRAINT `orders_ibfk_1` FOREIGN KEY (`product_id`) REFERENCES `products` (`id`);

--
-- Ограничения внешнего ключа таблицы `products`
--
ALTER TABLE `products`
  ADD CONSTRAINT `products_ibfk_1` FOREIGN KEY (`partner_id`) REFERENCES `partners` (`id`);
COMMIT;

/*!40101 SET CHARACTER_SET_CLIENT=@OLD_CHARACTER_SET_CLIENT */;
/*!40101 SET CHARACTER_SET_RESULTS=@OLD_CHARACTER_SET_RESULTS */;
/*!40101 SET COLLATION_CONNECTION=@OLD_COLLATION_CONNECTION */;
